0,0,7200,0,5.00,5.00,1.500000e+00,10,0,2,10.000000,946080000,1,""
1,0,7200,0,5.00,5.00,1.500000e+00,10,0,8,10.000000,946080000,1,""
2,0,7200,0,5.00,5.00,1.500000e+00,10,0,6,10.000000,946080000,1,""
3,0,7200,0,5.00,5.00,1.500000e+00,10,0,7,10.000000,946080000,1,""
4,0,7200,0,5.00,5.00,1.500000e+00,10,0,4,10.000000,946080000,1,""
5,0,7200,0,5.00,5.00,1.500000e+00,10,0,3,10.000000,946080000,1,""
6,0,7200,0,5.00,5.00,1.500000e+00,10,0,5,10.000000,946080000,1,""
7,0,7200,0,5.00,5.00,1.500000e+00,10,0,15,10.000000,946080000,1,"0"
8,0,7200,0,5.00,5.00,1.500000e+00,10,0,13,10.000000,946080000,1,"0:1"
9,0,7200,0,5.00,5.00,1.500000e+00,10,0,16,10.000000,946080000,1,"0:2"
10,0,7200,0,5.00,5.00,1.500000e+00,10,0,12,10.000000,946080000,1,"0:3"
11,0,7200,0,5.00,5.00,1.500000e+00,10,0,10,10.000000,946080000,1,"0:4"
12,0,7200,0,5.00,5.00,1.500000e+00,10,0,9,10.000000,946080000,1,"0:5"
13,0,7200,0,5.00,5.00,1.500000e+00,10,0,14,10.000000,946080000,1,"0:6"
14,0,7200,0,5.00,5.00,1.500000e+00,10,0,17,10.000000,946080000,1,""
15,0,7200,0,5.00,5.00,1.500000e+00,10,0,22,10.000000,946080000,1,"9:13:14"
16,0,7200,0,5.00,5.00,1.500000e+00,10,0,21,10.000000,946080000,1,"9:13:14"
17,0,7200,0,5.00,5.00,1.500000e+00,10,0,20,10.000000,946080000,1,"9:13:14"
18,0,7200,0,5.00,5.00,1.500000e+00,10,0,11,10.000000,946080000,1,""
19,0,7200,0,5.00,5.00,1.500000e+00,10,0,19,10.000000,946080000,1,"11:12"
20,0,7200,0,5.00,5.00,1.500000e+00,10,0,18,10.000000,946080000,1,"12:18"
21,0,7200,0,5.00,5.00,1.500000e+00,10,0,36,10.000000,946080000,1,"16:18"
22,0,7200,0,5.00,5.00,1.500000e+00,10,0,29,10.000000,946080000,1,"8:16"
23,0,7200,0,5.00,5.00,1.500000e+00,10,0,23,10.000000,946080000,1,"8:10"
24,0,7200,0,5.00,5.00,1.500000e+00,10,0,37,10.000000,946080000,1,"10:15"
25,0,7200,0,5.00,5.00,1.500000e+00,10,0,24,10.000000,946080000,1,"7:15"
26,0,7200,0,5.00,5.00,1.500000e+00,10,0,30,10.000000,946080000,1,"7:17"
27,0,7200,0,5.00,5.00,1.500000e+00,10,0,27,10.000000,946080000,1,"11:17"
28,0,7200,0,5.00,5.00,1.500000e+00,10,0,34,10.000000,946080000,1,"20"
29,0,7200,0,5.00,5.00,1.500000e+00,10,0,26,10.000000,946080000,1,"20"
30,0,7200,0,5.00,5.00,1.500000e+00,10,0,35,10.000000,946080000,1,"20"
31,0,7200,0,5.00,5.00,1.500000e+00,10,0,38,10.000000,946080000,1,"20"
32,0,7200,0,5.00,5.00,1.500000e+00,10,0,28,10.000000,946080000,1,"19:20"
33,0,7200,0,5.00,5.00,1.500000e+00,10,0,33,10.000000,946080000,1,"19"
34,0,7200,0,5.00,5.00,1.500000e+00,10,0,31,10.000000,946080000,1,"19"
35,0,7200,0,5.00,5.00,1.500000e+00,10,0,25,10.000000,946080000,1,"19"
36,0,7200,0,5.00,5.00,1.500000e+00,10,0,50,10.000000,946080000,1,"19:25"
37,0,7200,0,5.00,5.00,1.500000e+00,10,0,46,10.000000,946080000,1,"25"
38,0,7200,0,5.00,5.00,1.500000e+00,10,0,42,10.000000,946080000,1,"25"
39,0,7200,0,5.00,5.00,1.500000e+00,10,0,41,10.000000,946080000,1,"25"
40,0,7200,0,5.00,5.00,1.500000e+00,10,0,45,10.000000,946080000,1,"25"
41,0,7200,0,5.00,5.00,1.500000e+00,10,0,39,10.000000,946080000,1,"23"
42,0,7200,0,5.00,5.00,1.500000e+00,10,0,49,10.000000,946080000,1,"23:26"
43,0,7200,0,5.00,5.00,1.500000e+00,10,0,59,10.000000,946080000,1,"26:39"
44,0,7200,0,5.00,5.00,1.500000e+00,10,0,57,10.000000,946080000,1,"39"
45,0,7200,0,5.00,5.00,1.500000e+00,10,0,32,10.000000,946080000,1,""
46,0,7200,0,5.00,5.00,1.500000e+00,10,0,40,10.000000,946080000,1,"27"
47,0,7200,0,5.00,5.00,1.500000e+00,10,0,51,10.000000,946080000,1,"27:32"
48,0,7200,0,5.00,5.00,1.500000e+00,10,0,48,10.000000,946080000,1,"27:45"
49,0,7200,0,5.00,5.00,1.500000e+00,10,0,63,10.000000,946080000,1,"28:46"
50,0,7200,0,5.00,5.00,1.500000e+00,10,0,83,10.000000,946080000,1,"28:46"
51,0,7200,0,5.00,5.00,1.500000e+00,10,0,53,10.000000,946080000,1,"22"
52,0,7200,0,5.00,5.00,1.500000e+00,10,0,43,10.000000,946080000,1,"22:34"
53,0,7200,0,5.00,5.00,1.500000e+00,10,0,65,10.000000,946080000,1,"34:43"
54,0,7200,0,5.00,5.00,1.500000e+00,10,0,68,10.000000,946080000,1,"41:43"
55,0,7200,0,5.00,5.00,1.500000e+00,10,0,52,10.000000,946080000,1,""
56,0,7200,0,5.00,5.00,1.500000e+00,10,0,62,10.000000,946080000,1,"21:24:51:55"
57,0,7200,0,5.00,5.00,1.500000e+00,10,0,58,10.000000,946080000,1,"21:24:51:55"
58,0,7200,0,5.00,5.00,1.500000e+00,10,0,56,10.000000,946080000,1,"21:24:51:55"
59,0,7200,0,5.00,5.00,1.500000e+00,10,0,61,10.000000,946080000,1,"21:24:51:55"
60,0,7200,0,5.00,5.00,1.500000e+00,10,0,47,10.000000,946080000,1,"35"
61,0,7200,0,5.00,5.00,1.500000e+00,10,0,76,10.000000,946080000,1,"35:57"
62,0,7200,0,5.00,5.00,1.500000e+00,10,0,66,10.000000,946080000,1,"57"
63,0,7200,0,5.00,5.00,1.500000e+00,10,0,99,10.000000,946080000,1,"62"
64,0,7200,0,5.00,5.00,1.500000e+00,10,0,125,10.000000,946080000,1,"59:62"
65,0,7200,0,5.00,5.00,1.500000e+00,10,0,71,10.000000,946080000,1,"56:59"
66,0,7200,0,5.00,5.00,1.500000e+00,10,0,74,10.000000,946080000,1,"49:56"
67,0,7200,0,5.00,5.00,1.500000e+00,10,0,146,10.000000,946080000,1,"50:63"
68,0,7200,0,5.00,5.00,1.500000e+00,10,0,132,10.000000,946080000,1,"50:63"
69,0,7200,0,5.00,5.00,1.500000e+00,10,0,54,10.000000,946080000,1,"29"
70,0,7200,0,5.00,5.00,1.500000e+00,10,0,101,10.000000,946080000,1,"29:54"
71,0,7200,0,5.00,5.00,1.500000e+00,10,0,55,10.000000,946080000,1,"42:48"
72,0,7200,0,5.00,5.00,1.500000e+00,10,0,70,10.000000,946080000,1,"42:44"
73,0,7200,0,5.00,5.00,1.500000e+00,10,0,69,10.000000,946080000,1,"36:44"
74,0,7200,0,5.00,5.00,1.500000e+00,10,0,75,10.000000,946080000,1,"36:48"
75,0,7200,0,5.00,5.00,1.500000e+00,10,0,73,10.000000,946080000,1,"30:31:33:71"
76,0,7200,0,5.00,5.00,1.500000e+00,10,0,77,10.000000,946080000,1,"30:31:33:71"
77,0,7200,0,5.00,5.00,1.500000e+00,10,0,81,10.000000,946080000,1,"30:31:33:71"
78,0,7200,0,5.00,5.00,1.500000e+00,10,0,72,10.000000,946080000,1,"30:31:33:71"
79,0,7200,0,5.00,5.00,1.500000e+00,10,0,111,10.000000,946080000,1,"61:74"
80,0,7200,0,5.00,5.00,1.500000e+00,10,0,102,10.000000,946080000,1,"61:74"
81,0,7200,0,5.00,5.00,1.500000e+00,10,0,100,10.000000,946080000,1,"72"
82,0,7200,0,5.00,5.00,1.500000e+00,10,0,122,10.000000,946080000,1,"72:73"
83,0,7200,0,5.00,5.00,1.500000e+00,10,0,114,10.000000,946080000,1,"69:73"
84,0,7200,0,5.00,5.00,1.500000e+00,10,0,64,10.000000,946080000,1,"58:69"
85,0,7200,0,5.00,5.00,1.500000e+00,10,0,67,10.000000,946080000,1,"58"
86,0,7200,0,5.00,5.00,1.500000e+00,10,0,96,10.000000,946080000,1,""
87,0,7200,0,5.00,5.00,1.500000e+00,10,0,97,10.000000,946080000,1,""
88,0,7200,0,5.00,5.00,1.500000e+00,10,0,136,10.000000,946080000,1,"70"
89,0,7200,0,5.00,5.00,1.500000e+00,10,0,151,10.000000,946080000,1,"70:81"
90,0,7200,0,5.00,5.00,1.500000e+00,10,0,139,10.000000,946080000,1,"81:86"
91,0,7200,0,5.00,5.00,1.500000e+00,10,0,124,10.000000,946080000,1,"86:87"
92,0,7200,0,5.00,5.00,1.500000e+00,10,0,44,10.000000,946080000,1,""
93,0,7200,0,5.00,5.00,1.500000e+00,10,0,123,10.000000,946080000,1,"40:85"
94,0,7200,0,5.00,5.00,1.500000e+00,10,0,82,10.000000,946080000,1,"40:92"
95,0,7200,0,5.00,5.00,1.500000e+00,10,0,115,10.000000,946080000,1,"85:92"
96,0,7200,0,5.00,5.00,1.500000e+00,10,0,140,10.000000,946080000,1,""
97,0,7200,0,5.00,5.00,1.500000e+00,10,0,144,10.000000,946080000,1,"80"
98,0,7200,0,5.00,5.00,1.500000e+00,10,0,164,10.000000,946080000,1,"80:90"
99,0,7200,0,5.00,5.00,1.500000e+00,10,0,159,10.000000,946080000,1,"90:96"
100,0,7200,0,5.00,5.00,1.500000e+00,10,0,109,10.000000,946080000,1,""
101,0,7200,0,5.00,5.00,1.500000e+00,10,0,108,10.000000,946080000,1,""
102,0,7200,0,5.00,5.00,1.500000e+00,10,0,135,10.000000,946080000,1,"82:93:94:100:101"
103,0,7200,0,5.00,5.00,1.500000e+00,10,0,133,10.000000,946080000,1,"82:93:94:100:101"
104,0,7200,0,5.00,5.00,1.500000e+00,10,0,137,10.000000,946080000,1,"82:93:94:100:101"
105,0,7200,0,5.00,5.00,1.500000e+00,10,0,156,10.000000,946080000,1,"82:93:94:100:101"
106,0,7200,0,5.00,5.00,1.500000e+00,10,0,154,10.000000,946080000,1,"82:93:94:100:101"
107,0,7200,0,5.00,5.00,1.500000e+00,10,0,194,10.000000,946080000,1,"52:66:99"
108,0,7200,0,5.00,5.00,1.500000e+00,10,0,192,10.000000,946080000,1,"52:66:99"
109,0,7200,0,5.00,5.00,1.500000e+00,10,0,184,10.000000,946080000,1,"52:66:99"
110,0,7200,0,5.00,5.00,1.500000e+00,10,0,126,10.000000,946080000,1,"65"
111,0,7200,0,5.00,5.00,1.500000e+00,10,0,160,10.000000,946080000,1,"65:103"
112,0,7200,0,5.00,5.00,1.500000e+00,10,0,167,10.000000,946080000,1,"83:103"
113,0,7200,0,5.00,5.00,1.500000e+00,10,0,204,10.000000,946080000,1,"112"
114,0,7200,0,5.00,5.00,1.500000e+00,10,0,212,10.000000,946080000,1,"109:112"
115,0,7200,0,5.00,5.00,1.500000e+00,10,0,202,10.000000,946080000,1,"64:109"
116,0,7200,0,5.00,5.00,1.500000e+00,10,0,161,10.000000,946080000,1,"64:68"
117,0,7200,0,5.00,5.00,1.500000e+00,10,0,165,10.000000,946080000,1,"68:95"
118,0,7200,0,5.00,5.00,1.500000e+00,10,0,173,10.000000,946080000,1,"79:102"
119,0,7200,0,5.00,5.00,1.500000e+00,10,0,179,10.000000,946080000,1,"79:102"
120,0,7200,0,5.00,5.00,1.500000e+00,10,0,60,10.000000,946080000,1,"38"
121,0,7200,0,5.00,5.00,1.500000e+00,10,0,199,10.000000,946080000,1,"38:108"
122,0,7200,0,5.00,5.00,1.500000e+00,10,0,203,10.000000,946080000,1,""
123,0,7200,0,5.00,5.00,1.500000e+00,10,0,228,10.000000,946080000,1,"60:75:78:105:121"
124,0,7200,0,5.00,5.00,1.500000e+00,10,0,234,10.000000,946080000,1,"78:110:113:115:122"
125,0,7200,0,5.00,5.00,1.500000e+00,10,0,231,10.000000,946080000,1,"123"
126,0,7200,0,5.00,5.00,1.500000e+00,10,0,229,10.000000,946080000,1,"123"
127,0,7200,0,5.00,5.00,1.500000e+00,10,0,230,10.000000,946080000,1,"123"
128,0,7200,0,5.00,5.00,1.500000e+00,10,0,239,10.000000,946080000,1,"111:123"
129,0,7200,0,5.00,5.00,1.500000e+00,10,0,185,10.000000,946080000,1,"111"
130,0,7200,0,5.00,5.00,1.500000e+00,10,0,183,10.000000,946080000,1,"111"
131,0,7200,0,5.00,5.00,1.500000e+00,10,0,189,10.000000,946080000,1,"53:111"
132,0,7200,0,5.00,5.00,1.500000e+00,10,0,118,10.000000,946080000,1,"53"
133,0,7200,0,5.00,5.00,1.500000e+00,10,0,107,10.000000,946080000,1,"53"
134,0,7200,0,5.00,5.00,1.500000e+00,10,0,98,10.000000,946080000,1,"53"
135,0,7200,0,5.00,5.00,1.500000e+00,10,0,1,10.000000,946080000,1,""
136,0,7200,0,5.00,5.00,1.500000e+00,10,0,110,10.000000,946080000,1,"84"
137,0,7200,0,5.00,5.00,1.500000e+00,10,0,128,10.000000,946080000,1,"84"
138,0,7200,0,5.00,5.00,1.500000e+00,10,0,120,10.000000,946080000,1,"84"
139,0,7200,0,5.00,5.00,1.500000e+00,10,0,112,10.000000,946080000,1,"84"
140,0,7200,0,5.00,5.00,1.500000e+00,10,0,105,10.000000,946080000,1,"84"
141,0,7200,0,5.00,5.00,1.500000e+00,10,0,103,10.000000,946080000,1,"84"
142,0,7200,0,5.00,5.00,1.500000e+00,10,0,116,10.000000,946080000,1,"84"
143,0,7200,0,5.00,5.00,1.500000e+00,10,0,113,10.000000,946080000,1,"84"
144,0,7200,0,5.00,5.00,1.500000e+00,10,0,143,10.000000,946080000,1,"84:134"
145,0,7200,0,5.00,5.00,1.500000e+00,10,0,153,10.000000,946080000,1,"134"
146,0,7200,0,5.00,5.00,1.500000e+00,10,0,134,10.000000,946080000,1,"134"
147,0,7200,0,5.00,5.00,1.500000e+00,10,0,138,10.000000,946080000,1,"134"
148,0,7200,0,5.00,5.00,1.500000e+00,10,0,147,10.000000,946080000,1,"134"
149,0,7200,0,5.00,5.00,1.500000e+00,10,0,158,10.000000,946080000,1,"134"
150,0,7200,0,5.00,5.00,1.500000e+00,10,0,149,10.000000,946080000,1,"134"
151,0,7200,0,5.00,5.00,1.500000e+00,10,0,152,10.000000,946080000,1,"134"
152,0,7200,0,5.00,5.00,1.500000e+00,10,0,142,10.000000,946080000,1,"134:135"
153,0,7200,0,5.00,5.00,1.500000e+00,10,0,119,10.000000,946080000,1,"135"
154,0,7200,0,5.00,5.00,1.500000e+00,10,0,117,10.000000,946080000,1,"135"
155,0,7200,0,5.00,5.00,1.500000e+00,10,0,127,10.000000,946080000,1,"135"
156,0,7200,0,5.00,5.00,1.500000e+00,10,0,130,10.000000,946080000,1,"135"
157,0,7200,0,5.00,5.00,1.500000e+00,10,0,121,10.000000,946080000,1,"135"
158,0,7200,0,5.00,5.00,1.500000e+00,10,0,84,10.000000,946080000,1,"135"
159,0,7200,0,5.00,5.00,1.500000e+00,10,0,131,10.000000,946080000,1,"135"
160,0,7200,0,5.00,5.00,1.500000e+00,10,0,106,10.000000,946080000,1,"135"
161,0,7200,0,5.00,5.00,1.500000e+00,10,0,163,10.000000,946080000,1,"97:144"
162,0,7200,0,5.00,5.00,1.500000e+00,10,0,171,10.000000,946080000,1,"97:144"
163,0,7200,0,5.00,5.00,1.500000e+00,10,0,80,10.000000,946080000,1,"120"
164,0,7200,0,5.00,5.00,1.500000e+00,10,0,186,10.000000,946080000,1,"117:120"
165,0,7200,0,5.00,5.00,1.500000e+00,10,0,188,10.000000,946080000,1,"117"
166,0,7200,0,5.00,5.00,1.500000e+00,10,0,172,10.000000,946080000,1,""
167,0,7200,0,5.00,5.00,1.500000e+00,10,0,191,10.000000,946080000,1,"91:106:118:132:138:139:166"
168,0,7200,0,5.00,5.00,1.500000e+00,10,0,222,10.000000,946080000,1,"91:106:118:132:138:139:166"
169,0,7200,0,5.00,5.00,1.500000e+00,10,0,210,10.000000,946080000,1,"91:106:118:132:138:139:166"
170,0,7200,0,5.00,5.00,1.500000e+00,10,0,205,10.000000,946080000,1,"91:106:118:132:138:139:166"
171,0,7200,0,5.00,5.00,1.500000e+00,10,0,193,10.000000,946080000,1,"91:106:118:132:138:139:166"
172,0,7200,0,5.00,5.00,1.500000e+00,10,0,208,10.000000,946080000,1,"91:106:118:132:138:139:166"
173,0,7200,0,5.00,5.00,1.500000e+00,10,0,221,10.000000,946080000,1,"91:106:118:132:138:139:166"
174,0,7200,0,5.00,5.00,1.500000e+00,10,0,79,10.000000,946080000,1,""
175,0,7200,0,5.00,5.00,1.500000e+00,10,0,78,10.000000,946080000,1,""
176,0,7200,0,5.00,5.00,1.500000e+00,10,0,197,10.000000,946080000,1,"129:136:174"
177,0,7200,0,5.00,5.00,1.500000e+00,10,0,104,10.000000,946080000,1,"163:174:175"
178,0,7200,0,5.00,5.00,1.500000e+00,10,0,190,10.000000,946080000,1,"47:98"
179,0,7200,0,5.00,5.00,1.500000e+00,10,0,182,10.000000,946080000,1,"47:98"
180,0,7200,0,5.00,5.00,1.500000e+00,10,0,162,10.000000,946080000,1,"88:156"
181,0,7200,0,5.00,5.00,1.500000e+00,10,0,168,10.000000,946080000,1,"88:156"
182,0,7200,0,5.00,5.00,1.500000e+00,10,0,155,10.000000,946080000,1,"141"
183,0,7200,0,5.00,5.00,1.500000e+00,10,0,245,10.000000,946080000,1,"127:141"
184,0,7200,0,5.00,5.00,1.500000e+00,10,0,244,10.000000,946080000,1,"127"
185,0,7200,0,5.00,5.00,1.500000e+00,10,0,198,10.000000,946080000,1,"167:178"
186,0,7200,0,5.00,5.00,1.500000e+00,10,0,196,10.000000,946080000,1,"167:178"
187,0,7200,0,5.00,5.00,1.500000e+00,10,0,243,10.000000,946080000,1,"128:164"
188,0,7200,0,5.00,5.00,1.500000e+00,10,0,218,10.000000,946080000,1,"150:164"
189,0,7200,0,5.00,5.00,1.500000e+00,10,0,178,10.000000,946080000,1,"143:147"
190,0,7200,0,5.00,5.00,1.500000e+00,10,0,187,10.000000,946080000,1,"116:143"
191,0,7200,0,5.00,5.00,1.500000e+00,10,0,209,10.000000,946080000,1,"116:147"
192,0,7200,0,5.00,5.00,1.500000e+00,10,0,129,10.000000,946080000,1,"158"
193,0,7200,0,5.00,5.00,1.500000e+00,10,0,166,10.000000,946080000,1,"104:158"
194,0,7200,0,5.00,5.00,1.500000e+00,10,0,180,10.000000,946080000,1,"104:154"
195,0,7200,0,5.00,5.00,1.500000e+00,10,0,223,10.000000,946080000,1,"131:165"
196,0,7200,0,5.00,5.00,1.500000e+00,10,0,201,10.000000,946080000,1,"159:165"
197,0,7200,0,5.00,5.00,1.500000e+00,10,0,233,10.000000,946080000,1,"159:176"
198,0,7200,0,5.00,5.00,1.500000e+00,10,0,232,10.000000,946080000,1,"137:176"
199,0,7200,0,5.00,5.00,1.500000e+00,10,0,150,10.000000,946080000,1,"137:192"
200,0,7200,0,5.00,5.00,1.500000e+00,10,0,242,10.000000,946080000,1,"126:192"
201,0,7200,0,5.00,5.00,1.500000e+00,10,0,251,10.000000,946080000,1,"126:131"
202,0,7200,0,5.00,5.00,1.500000e+00,10,0,181,10.000000,946080000,1,"133:146"
203,0,7200,0,5.00,5.00,1.500000e+00,10,0,176,10.000000,946080000,1,"133:146"
204,0,7200,0,5.00,5.00,1.500000e+00,10,0,200,10.000000,946080000,1,"130"
205,0,7200,0,5.00,5.00,1.500000e+00,10,0,206,10.000000,946080000,1,"130:155"
206,0,7200,0,5.00,5.00,1.500000e+00,10,0,211,10.000000,946080000,1,"77:190"
207,0,7200,0,5.00,5.00,1.500000e+00,10,0,240,10.000000,946080000,1,"190:197"
208,0,7200,0,5.00,5.00,1.500000e+00,10,0,257,10.000000,946080000,1,"152:197"
209,0,7200,0,5.00,5.00,1.500000e+00,10,0,263,10.000000,946080000,1,"193:204"
210,0,7200,0,5.00,5.00,1.500000e+00,10,0,217,10.000000,946080000,1,"145:193"
211,0,7200,0,5.00,5.00,1.500000e+00,10,0,237,10.000000,946080000,1,"37:185"
212,0,7200,0,5.00,5.00,1.500000e+00,10,0,236,10.000000,946080000,1,"182:185"
213,0,7200,0,5.00,5.00,1.500000e+00,10,0,226,10.000000,946080000,1,"171:182"
214,0,7200,0,5.00,5.00,1.500000e+00,10,0,207,10.000000,946080000,1,"107:171"
215,0,7200,0,5.00,5.00,1.500000e+00,10,0,269,10.000000,946080000,1,"205:214"
216,0,7200,0,5.00,5.00,1.500000e+00,10,0,260,10.000000,946080000,1,"205:214"
217,0,7200,0,5.00,5.00,1.500000e+00,10,0,252,10.000000,946080000,1,"157:200"
218,0,7200,0,5.00,5.00,1.500000e+00,10,0,253,10.000000,946080000,1,"157:200"
219,0,7200,0,5.00,5.00,1.500000e+00,10,0,272,10.000000,946080000,1,"169:206"
220,0,7200,0,5.00,5.00,1.500000e+00,10,0,235,10.000000,946080000,1,"124:169"
221,0,7200,0,5.00,5.00,1.500000e+00,10,0,265,10.000000,946080000,1,"124:187"
222,0,7200,0,5.00,5.00,1.500000e+00,10,0,141,10.000000,946080000,1,"140"
223,0,7200,0,5.00,5.00,1.500000e+00,10,0,255,10.000000,946080000,1,"140:183"
224,0,7200,0,5.00,5.00,1.500000e+00,10,0,215,10.000000,946080000,1,"76:180"
225,0,7200,0,5.00,5.00,1.500000e+00,10,0,214,10.000000,946080000,1,"76:180"
226,0,7200,0,5.00,5.00,1.500000e+00,10,0,248,10.000000,946080000,1,"220"
227,0,7200,0,5.00,5.00,1.500000e+00,10,0,250,10.000000,946080000,1,"170:220"
228,0,7200,0,5.00,5.00,1.500000e+00,10,0,249,10.000000,946080000,1,"125"
229,0,7200,0,5.00,5.00,1.500000e+00,10,0,247,10.000000,946080000,1,"125:153"
230,0,7200,0,5.00,5.00,1.500000e+00,10,0,170,10.000000,946080000,1,""
231,0,7200,0,5.00,5.00,1.500000e+00,10,0,169,10.000000,946080000,1,""
232,0,7200,0,5.00,5.00,1.500000e+00,10,0,280,10.000000,946080000,1,"217:230"
233,0,7200,0,5.00,5.00,1.500000e+00,10,0,216,10.000000,946080000,1,"181:230"
234,0,7200,0,5.00,5.00,1.500000e+00,10,0,195,10.000000,946080000,1,"181:231"
235,0,7200,0,5.00,5.00,1.500000e+00,10,0,241,10.000000,946080000,1,"196:231"
236,0,7200,0,5.00,5.00,1.500000e+00,10,0,275,10.000000,946080000,1,"196:217"
237,0,7200,0,5.00,5.00,1.500000e+00,10,0,224,10.000000,946080000,1,"194:234"
238,0,7200,0,5.00,5.00,1.500000e+00,10,0,264,10.000000,946080000,1,"207:234"
239,0,7200,0,5.00,5.00,1.500000e+00,10,0,271,10.000000,946080000,1,"162:235"
240,0,7200,0,5.00,5.00,1.500000e+00,10,0,287,10.000000,946080000,1,"162:236"
241,0,7200,0,5.00,5.00,1.500000e+00,10,0,284,10.000000,946080000,1,"235:236"
242,0,7200,0,5.00,5.00,1.500000e+00,10,0,246,10.000000,946080000,1,"186"
243,0,7200,0,5.00,5.00,1.500000e+00,10,0,261,10.000000,946080000,1,"151:186"
244,0,7200,0,5.00,5.00,1.500000e+00,10,0,282,10.000000,946080000,1,"203:219:222:223:232:233:237:238"
245,0,7200,0,5.00,5.00,1.500000e+00,10,0,278,10.000000,946080000,1,"149:172:191:210:218:221:228:238"
246,0,7200,0,5.00,5.00,1.500000e+00,10,0,157,10.000000,946080000,1,"177"
247,0,7200,0,5.00,5.00,1.500000e+00,10,0,148,10.000000,946080000,1,"160:177"
248,0,7200,0,5.00,5.00,1.500000e+00,10,0,270,10.000000,946080000,1,"177:226"
249,0,7200,0,5.00,5.00,1.500000e+00,10,0,285,10.000000,946080000,1,"177:245"
250,0,7200,0,5.00,5.00,1.500000e+00,10,0,299,10.000000,946080000,1,"241"
251,0,7200,0,5.00,5.00,1.500000e+00,10,0,306,10.000000,946080000,1,"199:241"
252,0,7200,0,5.00,5.00,1.500000e+00,10,0,268,10.000000,946080000,1,"184"
253,0,7200,0,5.00,5.00,1.500000e+00,10,0,267,10.000000,946080000,1,"184:242"
254,0,7200,0,5.00,5.00,1.500000e+00,10,0,296,10.000000,946080000,1,"215:248"
255,0,7200,0,5.00,5.00,1.500000e+00,10,0,291,10.000000,946080000,1,"215:248"
256,0,7200,0,5.00,5.00,1.500000e+00,10,0,266,10.000000,946080000,1,""
257,0,7200,0,5.00,5.00,1.500000e+00,10,0,274,10.000000,946080000,1,"114:142:173:253:256"
258,0,7200,0,5.00,5.00,1.500000e+00,10,0,279,10.000000,946080000,1,"114:142:173:253:256"
259,0,7200,0,5.00,5.00,1.500000e+00,10,0,277,10.000000,946080000,1,"114:142:173:253:256"
260,0,7200,0,5.00,5.00,1.500000e+00,10,0,281,10.000000,946080000,1,"114:142:173:253:256"
261,0,7200,0,5.00,5.00,1.500000e+00,10,0,276,10.000000,946080000,1,"114:142:173:253:256"
262,0,7200,0,5.00,5.00,1.500000e+00,10,0,283,10.000000,946080000,1,"261"
263,0,7200,0,5.00,5.00,1.500000e+00,10,0,308,10.000000,946080000,1,"249:261"
264,0,7200,0,5.00,5.00,1.500000e+00,10,0,298,10.000000,946080000,1,"249"
265,0,7200,0,5.00,5.00,1.500000e+00,10,0,286,10.000000,946080000,1,""
266,0,7200,0,5.00,5.00,1.500000e+00,10,0,288,10.000000,946080000,1,""
267,0,7200,0,5.00,5.00,1.500000e+00,10,0,307,10.000000,946080000,1,"262"
268,0,7200,0,5.00,5.00,1.500000e+00,10,0,300,10.000000,946080000,1,"262:265"
269,0,7200,0,5.00,5.00,1.500000e+00,10,0,302,10.000000,946080000,1,"240:262"
270,0,7200,0,5.00,5.00,1.500000e+00,10,0,313,10.000000,946080000,1,"119:262"
271,0,7200,0,5.00,5.00,1.500000e+00,10,0,301,10.000000,946080000,1,"262:266"
272,0,7200,0,5.00,5.00,1.500000e+00,10,0,304,10.000000,946080000,1,"168:262"
273,0,7200,0,5.00,5.00,1.500000e+00,10,0,177,10.000000,946080000,1,"148:247"
274,0,7200,0,5.00,5.00,1.500000e+00,10,0,174,10.000000,946080000,1,"148:247"
275,0,7200,0,5.00,5.00,1.500000e+00,10,0,256,10.000000,946080000,1,"198:224"
276,0,7200,0,5.00,5.00,1.500000e+00,10,0,259,10.000000,946080000,1,"198:224"
277,0,7200,0,5.00,5.00,1.500000e+00,10,0,238,10.000000,946080000,1,"211:212:225"
278,0,7200,0,5.00,5.00,1.500000e+00,10,0,254,10.000000,946080000,1,"188:212:246"
279,0,7200,0,5.00,5.00,1.500000e+00,10,0,319,10.000000,946080000,1,"264:278"
280,0,7200,0,5.00,5.00,1.500000e+00,10,0,315,10.000000,946080000,1,"264:278"
281,0,7200,0,5.00,5.00,1.500000e+00,10,0,327,10.000000,946080000,1,"213:267:280"
282,0,7200,0,5.00,5.00,1.500000e+00,10,0,337,10.000000,946080000,1,"213:267:280"
283,0,7200,0,5.00,5.00,1.500000e+00,10,0,325,10.000000,946080000,1,"213:267:280"
284,0,7200,0,5.00,5.00,1.500000e+00,10,0,297,10.000000,946080000,1,"189:239:244"
285,0,7200,0,5.00,5.00,1.500000e+00,10,0,309,10.000000,946080000,1,"189:239:244"
286,0,7200,0,5.00,5.00,1.500000e+00,10,0,310,10.000000,946080000,1,"189:239:244"
287,0,7200,0,5.00,5.00,1.500000e+00,10,0,295,10.000000,946080000,1,"227:257"
288,0,7200,0,5.00,5.00,1.500000e+00,10,0,292,10.000000,946080000,1,"227:257"
289,0,7200,0,5.00,5.00,1.500000e+00,10,0,317,10.000000,946080000,1,"243:284"
290,0,7200,0,5.00,5.00,1.500000e+00,10,0,316,10.000000,946080000,1,"243:284"
291,0,7200,0,5.00,5.00,1.500000e+00,10,0,305,10.000000,946080000,1,""
292,0,7200,0,5.00,5.00,1.500000e+00,10,0,312,10.000000,946080000,1,""
293,0,7200,0,5.00,5.00,1.500000e+00,10,0,332,10.000000,946080000,1,"270:291:292"
294,0,7200,0,5.00,5.00,1.500000e+00,10,0,346,10.000000,946080000,1,"209:283:292"
295,0,7200,0,5.00,5.00,1.500000e+00,10,0,338,10.000000,946080000,1,"268"
296,0,7200,0,5.00,5.00,1.500000e+00,10,0,335,10.000000,946080000,1,"268:269"
297,0,7200,0,5.00,5.00,1.500000e+00,10,0,322,10.000000,946080000,1,"269:279"
298,0,7200,0,5.00,5.00,1.500000e+00,10,0,348,10.000000,946080000,1,"195:255:281"
299,0,7200,0,5.00,5.00,1.500000e+00,10,0,311,10.000000,946080000,1,"255:275:288"
300,0,7200,0,5.00,5.00,1.500000e+00,10,0,341,10.000000,946080000,1,"252:297"
301,0,7200,0,5.00,5.00,1.500000e+00,10,0,342,10.000000,946080000,1,"252:297"
302,0,7200,0,5.00,5.00,1.500000e+00,10,0,225,10.000000,946080000,1,"89:161"
303,0,7200,0,5.00,5.00,1.500000e+00,10,0,213,10.000000,946080000,1,"89:161"
304,0,7200,0,5.00,5.00,1.500000e+00,10,0,343,10.000000,946080000,1,""
305,0,7200,0,5.00,5.00,1.500000e+00,10,0,289,10.000000,946080000,1,"258"
306,0,7200,0,5.00,5.00,1.500000e+00,10,0,353,10.000000,946080000,1,"258:301"
307,0,7200,0,5.00,5.00,1.500000e+00,10,0,356,10.000000,946080000,1,"301:304"
308,0,7200,0,5.00,5.00,1.500000e+00,10,0,262,10.000000,946080000,1,"229"
309,0,7200,0,5.00,5.00,1.500000e+00,10,0,293,10.000000,946080000,1,"229:260"
310,0,7200,0,5.00,5.00,1.500000e+00,10,0,339,10.000000,946080000,1,"208:271"
311,0,7200,0,5.00,5.00,1.500000e+00,10,0,331,10.000000,946080000,1,"271:289"
312,0,7200,0,5.00,5.00,1.500000e+00,10,0,336,10.000000,946080000,1,"208:289"
313,0,7200,0,5.00,5.00,1.500000e+00,10,0,323,10.000000,946080000,1,"290:308"
314,0,7200,0,5.00,5.00,1.500000e+00,10,0,324,10.000000,946080000,1,"290:308"
315,0,7200,0,5.00,5.00,1.500000e+00,10,0,320,10.000000,946080000,1,"263:285"
316,0,7200,0,5.00,5.00,1.500000e+00,10,0,318,10.000000,946080000,1,"285:286"
317,0,7200,0,5.00,5.00,1.500000e+00,10,0,314,10.000000,946080000,1,"286:299"
318,0,7200,0,5.00,5.00,1.500000e+00,10,0,145,10.000000,946080000,1,""
319,0,7200,0,5.00,5.00,1.500000e+00,10,0,352,10.000000,946080000,1,"313:318"
320,0,7200,0,5.00,5.00,1.500000e+00,10,0,175,10.000000,946080000,1,"67:318"
321,0,7200,0,5.00,5.00,1.500000e+00,10,0,340,10.000000,946080000,1,"315"
322,0,7200,0,5.00,5.00,1.500000e+00,10,0,355,10.000000,946080000,1,"300:315"
323,0,7200,0,5.00,5.00,1.500000e+00,10,0,359,10.000000,946080000,1,"300"
324,0,7200,0,5.00,5.00,1.500000e+00,10,0,354,10.000000,946080000,1,"273:303:306"
325,0,7200,0,5.00,5.00,1.500000e+00,10,0,361,10.000000,946080000,1,"273:303:306"
326,0,7200,0,5.00,5.00,1.500000e+00,10,0,371,10.000000,946080000,1,"273:303:306"
327,0,7200,0,5.00,5.00,1.500000e+00,10,0,326,10.000000,946080000,1,"317"
328,0,7200,0,5.00,5.00,1.500000e+00,10,0,333,10.000000,946080000,1,"317"
329,0,7200,0,5.00,5.00,1.500000e+00,10,0,334,10.000000,946080000,1,"317"
330,0,7200,0,5.00,5.00,1.500000e+00,10,0,321,10.000000,946080000,1,"277:317"
331,0,7200,0,5.00,5.00,1.500000e+00,10,0,258,10.000000,946080000,1,"277"
332,0,7200,0,5.00,5.00,1.500000e+00,10,0,273,10.000000,946080000,1,"277"
333,0,7200,0,5.00,5.00,1.500000e+00,10,0,363,10.000000,946080000,1,"277:324"
334,0,7200,0,5.00,5.00,1.500000e+00,10,0,370,10.000000,946080000,1,"324"
335,0,7200,0,5.00,5.00,1.500000e+00,10,0,360,10.000000,946080000,1,"324"
336,0,7200,0,5.00,5.00,1.500000e+00,10,0,373,10.000000,946080000,1,"179:324"
337,0,7200,0,5.00,5.00,1.500000e+00,10,0,227,10.000000,946080000,1,"179"
338,0,7200,0,5.00,5.00,1.500000e+00,10,0,220,10.000000,946080000,1,"179"
339,0,7200,0,5.00,5.00,1.500000e+00,10,0,219,10.000000,946080000,1,"179"
340,0,7200,0,5.00,5.00,1.500000e+00,10,0,349,10.000000,946080000,1,"330"
341,0,7200,0,5.00,5.00,1.500000e+00,10,0,347,10.000000,946080000,1,"330:338"
342,0,7200,0,5.00,5.00,1.500000e+00,10,0,358,10.000000,946080000,1,"287:322"
343,0,7200,0,5.00,5.00,1.500000e+00,10,0,365,10.000000,946080000,1,"287:307"
344,0,7200,0,5.00,5.00,1.500000e+00,10,0,357,10.000000,946080000,1,"307:322"
345,0,7200,0,5.00,5.00,1.500000e+00,10,0,367,10.000000,946080000,1,"342:344"
346,0,7200,0,5.00,5.00,1.500000e+00,10,0,369,10.000000,946080000,1,"342:344"
347,0,7200,0,5.00,5.00,1.500000e+00,10,0,376,10.000000,946080000,1,"294:296:309:321:325:335:341"
348,0,7200,0,5.00,5.00,1.500000e+00,10,0,377,10.000000,946080000,1,"298:310:320:332:335:337:339"
349,0,7200,0,5.00,5.00,1.500000e+00,10,0,330,10.000000,946080000,1,"250"
350,0,7200,0,5.00,5.00,1.500000e+00,10,0,391,10.000000,946080000,1,"250:348"
351,0,7200,0,5.00,5.00,1.500000e+00,10,0,381,10.000000,946080000,1,"316:348"
352,0,7200,0,5.00,5.00,1.500000e+00,10,0,328,10.000000,946080000,1,"259:316"
353,0,7200,0,5.00,5.00,1.500000e+00,10,0,294,10.000000,946080000,1,"259"
354,0,7200,0,5.00,5.00,1.500000e+00,10,0,364,10.000000,946080000,1,""
355,0,7200,0,5.00,5.00,1.500000e+00,10,0,368,10.000000,946080000,1,""
356,0,7200,0,5.00,5.00,1.500000e+00,10,0,366,10.000000,946080000,1,""
357,0,7200,0,5.00,5.00,1.500000e+00,10,0,362,10.000000,946080000,1,"272:302:323:331"
358,0,7200,0,5.00,5.00,1.500000e+00,10,0,378,10.000000,946080000,1,"302:333:343:354"
359,0,7200,0,5.00,5.00,1.500000e+00,10,0,375,10.000000,946080000,1,"343:345:355:356"
360,0,7200,0,5.00,5.00,1.500000e+00,10,0,383,10.000000,946080000,1,"276:293:326:346:353:359"
361,0,7200,0,5.00,5.00,1.500000e+00,10,0,386,10.000000,946080000,1,"276:293:326:346:353:359"
362,0,7200,0,5.00,5.00,1.500000e+00,10,0,379,10.000000,946080000,1,"276:293:326:346:353:359"
363,0,7200,0,5.00,5.00,1.500000e+00,10,0,382,10.000000,946080000,1,"276:293:326:346:353:359"
364,0,7200,0,5.00,5.00,1.500000e+00,10,0,380,10.000000,946080000,1,"276:293:326:346:353:359"
365,0,7200,0,5.00,5.00,1.500000e+00,10,0,392,10.000000,946080000,1,"276:293:326:346:353:359"
366,0,7200,0,5.00,5.00,1.500000e+00,10,0,398,10.000000,946080000,1,"274:350:365"
367,0,7200,0,5.00,5.00,1.500000e+00,10,0,403,10.000000,946080000,1,"274:295:360"
368,0,7200,0,5.00,5.00,1.500000e+00,10,0,399,10.000000,946080000,1,""
369,0,7200,0,5.00,5.00,1.500000e+00,10,0,413,10.000000,946080000,1,"328:366"
370,0,7200,0,5.00,5.00,1.500000e+00,10,0,412,10.000000,946080000,1,"366:368"
371,0,7200,0,5.00,5.00,1.500000e+00,10,0,404,10.000000,946080000,1,""
372,0,7200,0,5.00,5.00,1.500000e+00,10,0,422,10.000000,946080000,1,"201:312:367:371"
373,0,7200,0,5.00,5.00,1.500000e+00,10,0,394,10.000000,946080000,1,"201:319:336:358"
374,0,7200,0,5.00,5.00,1.500000e+00,10,0,395,10.000000,946080000,1,"364"
375,0,7200,0,5.00,5.00,1.500000e+00,10,0,408,10.000000,946080000,1,"361:364"
376,0,7200,0,5.00,5.00,1.500000e+00,10,0,443,10.000000,946080000,1,"361:369"
377,0,7200,0,5.00,5.00,1.500000e+00,10,0,435,10.000000,946080000,1,"349:369"
378,0,7200,0,5.00,5.00,1.500000e+00,10,0,351,10.000000,946080000,1,"311:349"
379,0,7200,0,5.00,5.00,1.500000e+00,10,0,85,10.000000,946080000,1,""
380,0,7200,0,5.00,5.00,1.500000e+00,10,0,290,10.000000,946080000,1,""
381,0,7200,0,5.00,5.00,1.500000e+00,10,0,418,10.000000,946080000,1,"379"
382,0,7200,0,5.00,5.00,1.500000e+00,10,0,430,10.000000,946080000,1,"370:379"
383,0,7200,0,5.00,5.00,1.500000e+00,10,0,441,10.000000,946080000,1,"305:370"
384,0,7200,0,5.00,5.00,1.500000e+00,10,0,303,10.000000,946080000,1,"305:380"
385,0,7200,0,5.00,5.00,1.500000e+00,10,0,350,10.000000,946080000,1,"327:380"
386,0,7200,0,5.00,5.00,1.500000e+00,10,0,388,10.000000,946080000,1,"347"
387,0,7200,0,5.00,5.00,1.500000e+00,10,0,390,10.000000,946080000,1,"347"
388,0,7200,0,5.00,5.00,1.500000e+00,10,0,393,10.000000,946080000,1,"347"
389,0,7200,0,5.00,5.00,1.500000e+00,10,0,387,10.000000,946080000,1,"347"
390,0,7200,0,5.00,5.00,1.500000e+00,10,0,384,10.000000,946080000,1,"347"
391,0,7200,0,5.00,5.00,1.500000e+00,10,0,414,10.000000,946080000,1,"347:374"
392,0,7200,0,5.00,5.00,1.500000e+00,10,0,415,10.000000,946080000,1,"374"
393,0,7200,0,5.00,5.00,1.500000e+00,10,0,419,10.000000,946080000,1,"374"
394,0,7200,0,5.00,5.00,1.500000e+00,10,0,417,10.000000,946080000,1,"374"
395,0,7200,0,5.00,5.00,1.500000e+00,10,0,421,10.000000,946080000,1,"374"
396,0,7200,0,5.00,5.00,1.500000e+00,10,0,416,10.000000,946080000,1,"374"
397,0,7200,0,5.00,5.00,1.500000e+00,10,0,409,10.000000,946080000,1,""
398,0,7200,0,5.00,5.00,1.500000e+00,10,0,410,10.000000,946080000,1,""
399,0,7200,0,5.00,5.00,1.500000e+00,10,0,329,10.000000,946080000,1,""
400,0,7200,0,5.00,5.00,1.500000e+00,10,0,440,10.000000,946080000,1,"392:397"
401,0,7200,0,5.00,5.00,1.500000e+00,10,0,411,10.000000,946080000,1,"397:398"
402,0,7200,0,5.00,5.00,1.500000e+00,10,0,429,10.000000,946080000,1,"391:398"
403,0,7200,0,5.00,5.00,1.500000e+00,10,0,445,10.000000,946080000,1,"391:399"
404,0,7200,0,5.00,5.00,1.500000e+00,10,0,345,10.000000,946080000,1,"352:399"
405,0,7200,0,5.00,5.00,1.500000e+00,10,0,433,10.000000,946080000,1,"352:392"
406,0,7200,0,5.00,5.00,1.500000e+00,10,0,372,10.000000,946080000,1,"340:385"
407,0,7200,0,5.00,5.00,1.500000e+00,10,0,374,10.000000,946080000,1,"340:385"
408,0,7200,0,5.00,5.00,1.500000e+00,10,0,389,10.000000,946080000,1,""
409,0,7200,0,5.00,5.00,1.500000e+00,10,0,402,10.000000,946080000,1,"386:404:408"
410,0,7200,0,5.00,5.00,1.500000e+00,10,0,396,10.000000,946080000,1,"386:404:408"
411,0,7200,0,5.00,5.00,1.500000e+00,10,0,400,10.000000,946080000,1,"386:404:408"
412,0,7200,0,5.00,5.00,1.500000e+00,10,0,452,10.000000,946080000,1,"329:378:402:406"
413,0,7200,0,5.00,5.00,1.500000e+00,10,0,458,10.000000,946080000,1,"329:378:402:406"
414,0,7200,0,5.00,5.00,1.500000e+00,10,0,451,10.000000,946080000,1,"329:378:402:406"
415,0,7200,0,5.00,5.00,1.500000e+00,10,0,447,10.000000,946080000,1,"329:378:402:406"
416,0,7200,0,5.00,5.00,1.500000e+00,10,0,385,10.000000,946080000,1,""
417,0,7200,0,5.00,5.00,1.500000e+00,10,0,405,10.000000,946080000,1,"351"
418,0,7200,0,5.00,5.00,1.500000e+00,10,0,406,10.000000,946080000,1,"351:363"
419,0,7200,0,5.00,5.00,1.500000e+00,10,0,401,10.000000,946080000,1,"351:416"
420,0,7200,0,5.00,5.00,1.500000e+00,10,0,432,10.000000,946080000,1,"351:394"
421,0,7200,0,5.00,5.00,1.500000e+00,10,0,424,10.000000,946080000,1,"419"
422,0,7200,0,5.00,5.00,1.500000e+00,10,0,423,10.000000,946080000,1,"409:419"
423,0,7200,0,5.00,5.00,1.500000e+00,10,0,438,10.000000,946080000,1,""
424,0,7200,0,5.00,5.00,1.500000e+00,10,0,437,10.000000,946080000,1,""
425,0,7200,0,5.00,5.00,1.500000e+00,10,0,448,10.000000,946080000,1,"417:420:423:424"
426,0,7200,0,5.00,5.00,1.500000e+00,10,0,450,10.000000,946080000,1,"417:420:423:424"
427,0,7200,0,5.00,5.00,1.500000e+00,10,0,457,10.000000,946080000,1,"417:420:423:424"
428,0,7200,0,5.00,5.00,1.500000e+00,10,0,455,10.000000,946080000,1,"417:420:423:424"
429,0,7200,0,5.00,5.00,1.500000e+00,10,0,475,10.000000,946080000,1,"426"
430,0,7200,0,5.00,5.00,1.500000e+00,10,0,463,10.000000,946080000,1,"400:426"
431,0,7200,0,5.00,5.00,1.500000e+00,10,0,468,10.000000,946080000,1,"400:425"
432,0,7200,0,5.00,5.00,1.500000e+00,10,0,477,10.000000,946080000,1,"425"
433,0,7200,0,5.00,5.00,1.500000e+00,10,0,442,10.000000,946080000,1,""
434,0,7200,0,5.00,5.00,1.500000e+00,10,0,434,10.000000,946080000,1,""
435,0,7200,0,5.00,5.00,1.500000e+00,10,0,459,10.000000,946080000,1,"383:433:434"
436,0,7200,0,5.00,5.00,1.500000e+00,10,0,453,10.000000,946080000,1,"373:377:434"
437,0,7200,0,5.00,5.00,1.500000e+00,10,0,428,10.000000,946080000,1,"202:410"
438,0,7200,0,5.00,5.00,1.500000e+00,10,0,420,10.000000,946080000,1,"202:410"
439,0,7200,0,5.00,5.00,1.500000e+00,10,0,446,10.000000,946080000,1,"396"
440,0,7200,0,5.00,5.00,1.500000e+00,10,0,491,10.000000,946080000,1,"396:430"
441,0,7200,0,5.00,5.00,1.500000e+00,10,0,504,10.000000,946080000,1,"430:437"
442,0,7200,0,5.00,5.00,1.500000e+00,10,0,469,10.000000,946080000,1,"415"
443,0,7200,0,5.00,5.00,1.500000e+00,10,0,470,10.000000,946080000,1,"216:415"
444,0,7200,0,5.00,5.00,1.500000e+00,10,0,467,10.000000,946080000,1,"405:415"
445,0,7200,0,5.00,5.00,1.500000e+00,10,0,466,10.000000,946080000,1,"395:415"
446,0,7200,0,5.00,5.00,1.500000e+00,10,0,471,10.000000,946080000,1,"412:415"
447,0,7200,0,5.00,5.00,1.500000e+00,10,0,465,10.000000,946080000,1,"414:415"
448,0,7200,0,5.00,5.00,1.500000e+00,10,0,462,10.000000,946080000,1,"407:415"
449,0,7200,0,5.00,5.00,1.500000e+00,10,0,464,10.000000,946080000,1,"393:415"
450,0,7200,0,5.00,5.00,1.500000e+00,10,0,476,10.000000,946080000,1,""
451,0,7200,0,5.00,5.00,1.500000e+00,10,0,444,10.000000,946080000,1,""
452,0,7200,0,5.00,5.00,1.500000e+00,10,0,436,10.000000,946080000,1,""
453,0,7200,0,5.00,5.00,1.500000e+00,10,0,439,10.000000,946080000,1,""
454,0,7200,0,5.00,5.00,1.500000e+00,10,0,484,10.000000,946080000,1,"251:334:432:436:450"
455,0,7200,0,5.00,5.00,1.500000e+00,10,0,481,10.000000,946080000,1,"334:387:403:439:444"
456,0,7200,0,5.00,5.00,1.500000e+00,10,0,482,10.000000,946080000,1,"372:375:403:422:446"
457,0,7200,0,5.00,5.00,1.500000e+00,10,0,461,10.000000,946080000,1,"376:422:451:452:453"
458,0,7200,0,5.00,5.00,1.500000e+00,10,0,493,10.000000,946080000,1,"448"
459,0,7200,0,5.00,5.00,1.500000e+00,10,0,480,10.000000,946080000,1,"438:448"
460,0,7200,0,5.00,5.00,1.500000e+00,10,0,426,10.000000,946080000,1,"401"
461,0,7200,0,5.00,5.00,1.500000e+00,10,0,492,10.000000,946080000,1,"401:449"
462,0,7200,0,5.00,5.00,1.500000e+00,10,0,508,10.000000,946080000,1,"384:456"
463,0,7200,0,5.00,5.00,1.500000e+00,10,0,397,10.000000,946080000,1,"384:390"
464,0,7200,0,5.00,5.00,1.500000e+00,10,0,487,10.000000,946080000,1,"390:455"
465,0,7200,0,5.00,5.00,1.500000e+00,10,0,483,10.000000,946080000,1,"455:456"
466,0,7200,0,5.00,5.00,1.500000e+00,10,0,460,10.000000,946080000,1,""
467,0,7200,0,5.00,5.00,1.500000e+00,10,0,473,10.000000,946080000,1,"282:381:428:457:466"
468,0,7200,0,5.00,5.00,1.500000e+00,10,0,515,10.000000,946080000,1,"381:389:427:435:442"
469,0,7200,0,5.00,5.00,1.500000e+00,10,0,431,10.000000,946080000,1,""
470,0,7200,0,5.00,5.00,1.500000e+00,10,0,456,10.000000,946080000,1,"382"
471,0,7200,0,5.00,5.00,1.500000e+00,10,0,494,10.000000,946080000,1,"382:464"
472,0,7200,0,5.00,5.00,1.500000e+00,10,0,454,10.000000,946080000,1,"382:388"
473,0,7200,0,5.00,5.00,1.500000e+00,10,0,449,10.000000,946080000,1,"382:469"
474,0,7200,0,5.00,5.00,1.500000e+00,10,0,511,10.000000,946080000,1,"382:458"
475,0,7200,0,5.00,5.00,1.500000e+00,10,0,509,10.000000,946080000,1,"382:461"
476,0,7200,0,5.00,5.00,1.500000e+00,10,0,472,10.000000,946080000,1,"357:473"
477,0,7200,0,5.00,5.00,1.500000e+00,10,0,474,10.000000,946080000,1,"357:473"
478,0,7200,0,5.00,5.00,1.500000e+00,10,0,478,10.000000,946080000,1,"445:447"
479,0,7200,0,5.00,5.00,1.500000e+00,10,0,486,10.000000,946080000,1,"445:460"
480,0,7200,0,5.00,5.00,1.500000e+00,10,0,510,10.000000,946080000,1,"447:460"
481,0,7200,0,5.00,5.00,1.500000e+00,10,0,489,10.000000,946080000,1,"443:472"
482,0,7200,0,5.00,5.00,1.500000e+00,10,0,490,10.000000,946080000,1,"459:472"
483,0,7200,0,5.00,5.00,1.500000e+00,10,0,488,10.000000,946080000,1,"443:459"
484,0,7200,0,5.00,5.00,1.500000e+00,10,0,517,10.000000,946080000,1,"362:471"
485,0,7200,0,5.00,5.00,1.500000e+00,10,0,536,10.000000,946080000,1,"471:476"
486,0,7200,0,5.00,5.00,1.500000e+00,10,0,495,10.000000,946080000,1,"465:476"
487,0,7200,0,5.00,5.00,1.500000e+00,10,0,503,10.000000,946080000,1,"254:465"
488,0,7200,0,5.00,5.00,1.500000e+00,10,0,407,10.000000,946080000,1,"254:362"
489,0,7200,0,5.00,5.00,1.500000e+00,10,0,479,10.000000,946080000,1,"431"
490,0,7200,0,5.00,5.00,1.500000e+00,10,0,485,10.000000,946080000,1,"431:454"
491,0,7200,0,5.00,5.00,1.500000e+00,10,0,496,10.000000,946080000,1,"431:440"
492,0,7200,0,5.00,5.00,1.500000e+00,10,0,500,10.000000,946080000,1,"470:478"
493,0,7200,0,5.00,5.00,1.500000e+00,10,0,513,10.000000,946080000,1,"470:478"
494,0,7200,0,5.00,5.00,1.500000e+00,10,0,502,10.000000,946080000,1,"490"
495,0,7200,0,5.00,5.00,1.500000e+00,10,0,497,10.000000,946080000,1,"488:490"
496,0,7200,0,5.00,5.00,1.500000e+00,10,0,507,10.000000,946080000,1,"467:490"
497,0,7200,0,5.00,5.00,1.500000e+00,10,0,512,10.000000,946080000,1,"479:490"
498,0,7200,0,5.00,5.00,1.500000e+00,10,0,518,10.000000,946080000,1,"486"
499,0,7200,0,5.00,5.00,1.500000e+00,10,0,522,10.000000,946080000,1,"486:491"
500,0,7200,0,5.00,5.00,1.500000e+00,10,0,519,10.000000,946080000,1,"462:498"
501,0,7200,0,5.00,5.00,1.500000e+00,10,0,521,10.000000,946080000,1,"462:498"
502,0,7200,0,5.00,5.00,1.500000e+00,10,0,529,10.000000,946080000,1,"475:500"
503,0,7200,0,5.00,5.00,1.500000e+00,10,0,533,10.000000,946080000,1,"475:500"
504,0,7200,0,5.00,5.00,1.500000e+00,10,0,498,10.000000,946080000,1,"481:482"
505,0,7200,0,5.00,5.00,1.500000e+00,10,0,501,10.000000,946080000,1,"481:482"
506,0,7200,0,5.00,5.00,1.500000e+00,10,0,527,10.000000,946080000,1,"484:497"
507,0,7200,0,5.00,5.00,1.500000e+00,10,0,525,10.000000,946080000,1,"484:497"
508,0,7200,0,5.00,5.00,1.500000e+00,10,0,524,10.000000,946080000,1,"441:487"
509,0,7200,0,5.00,5.00,1.500000e+00,10,0,520,10.000000,946080000,1,"441:487"
510,0,7200,0,5.00,5.00,1.500000e+00,10,0,344,10.000000,946080000,1,"314"
511,0,7200,0,5.00,5.00,1.500000e+00,10,0,427,10.000000,946080000,1,"314:411"
512,0,7200,0,5.00,5.00,1.500000e+00,10,0,528,10.000000,946080000,1,"314:501"
513,0,7200,0,5.00,5.00,1.500000e+00,10,0,505,10.000000,946080000,1,"314:483"
514,0,7200,0,5.00,5.00,1.500000e+00,10,0,425,10.000000,946080000,1,"314:463"
515,0,7200,0,5.00,5.00,1.500000e+00,10,0,530,10.000000,946080000,1,""
516,0,7200,0,5.00,5.00,1.500000e+00,10,0,545,10.000000,946080000,1,"512:515"
517,0,7200,0,5.00,5.00,1.500000e+00,10,0,543,10.000000,946080000,1,"502:515"
518,0,7200,0,5.00,5.00,1.500000e+00,10,0,541,10.000000,946080000,1,"502:511"
519,0,7200,0,5.00,5.00,1.500000e+00,10,0,540,10.000000,946080000,1,"511:512"
520,0,7200,0,5.00,5.00,1.500000e+00,10,0,86,10.000000,946080000,1,""
521,0,7200,0,5.00,5.00,1.500000e+00,10,0,499,10.000000,946080000,1,"520"
522,0,7200,0,5.00,5.00,1.500000e+00,10,0,523,10.000000,946080000,1,"495:520"
523,0,7200,0,5.00,5.00,1.500000e+00,10,0,516,10.000000,946080000,1,"495:504"
524,0,7200,0,5.00,5.00,1.500000e+00,10,0,546,10.000000,946080000,1,"504:516"
525,0,7200,0,5.00,5.00,1.500000e+00,10,0,514,10.000000,946080000,1,"429:489"
526,0,7200,0,5.00,5.00,1.500000e+00,10,0,506,10.000000,946080000,1,"429:489"
527,0,7200,0,5.00,5.00,1.500000e+00,10,0,535,10.000000,946080000,1,"474:509"
528,0,7200,0,5.00,5.00,1.500000e+00,10,0,534,10.000000,946080000,1,"474:509"
529,0,7200,0,5.00,5.00,1.500000e+00,10,0,537,10.000000,946080000,1,"421:523"
530,0,7200,0,5.00,5.00,1.500000e+00,10,0,532,10.000000,946080000,1,"421:523"
531,0,7200,0,5.00,5.00,1.500000e+00,10,0,539,10.000000,946080000,1,"477:496:503:513:527:528"
532,0,7200,0,5.00,5.00,1.500000e+00,10,0,526,10.000000,946080000,1,"468:492:499:508:513:522"
533,0,7200,0,5.00,5.00,1.500000e+00,10,0,542,10.000000,946080000,1,"493:499:505:510:518:530"
534,0,7200,0,5.00,5.00,1.500000e+00,10,0,544,10.000000,946080000,1,"485:514:517:521:525:530"
535,0,7200,0,5.00,5.00,1.500000e+00,10,0,547,10.000000,946080000,1,"418:485:494:524:526:529"
536,0,7200,0,5.00,5.00,1.500000e+00,10,0,531,10.000000,946080000,1,"507:532"
537,0,7200,0,5.00,5.00,1.500000e+00,10,0,538,10.000000,946080000,1,"507:532"
538,0,7200,0,5.00,5.00,1.500000e+00,10,0,555,10.000000,946080000,1,"533"
539,0,7200,0,5.00,5.00,1.500000e+00,10,0,556,10.000000,946080000,1,"533:537"
540,0,7200,0,5.00,5.00,1.500000e+00,10,0,549,10.000000,946080000,1,"531:537"
541,0,7200,0,5.00,5.00,1.500000e+00,10,0,550,10.000000,946080000,1,"506:531"
542,0,7200,0,5.00,5.00,1.500000e+00,10,0,561,10.000000,946080000,1,"506:535"
543,0,7200,0,5.00,5.00,1.500000e+00,10,0,565,10.000000,946080000,1,"413:535"
544,0,7200,0,5.00,5.00,1.500000e+00,10,0,553,10.000000,946080000,1,"413:534"
545,0,7200,0,5.00,5.00,1.500000e+00,10,0,552,10.000000,946080000,1,"534"
546,0,7200,0,5.00,5.00,1.500000e+00,10,0,562,10.000000,946080000,1,"480:544"
547,0,7200,0,5.00,5.00,1.500000e+00,10,0,560,10.000000,946080000,1,"480:544"
548,0,7200,0,5.00,5.00,1.500000e+00,10,0,568,10.000000,946080000,1,"541:547"
549,0,7200,0,5.00,5.00,1.500000e+00,10,0,569,10.000000,946080000,1,"541:547"
550,0,7200,0,5.00,5.00,1.500000e+00,10,0,581,10.000000,946080000,1,"543:548"
551,0,7200,0,5.00,5.00,1.500000e+00,10,0,580,10.000000,946080000,1,"543:548"
552,0,7200,0,5.00,5.00,1.500000e+00,10,0,583,10.000000,946080000,1,"536:551"
553,0,7200,0,5.00,5.00,1.500000e+00,10,0,582,10.000000,946080000,1,"536:551"
554,0,7200,0,5.00,5.00,1.500000e+00,10,0,563,10.000000,946080000,1,"539"
555,0,7200,0,5.00,5.00,1.500000e+00,10,0,584,10.000000,946080000,1,"539:550"
556,0,7200,0,5.00,5.00,1.500000e+00,10,0,548,10.000000,946080000,1,"519"
557,0,7200,0,5.00,5.00,1.500000e+00,10,0,551,10.000000,946080000,1,"519"
558,0,7200,0,5.00,5.00,1.500000e+00,10,0,566,10.000000,946080000,1,"519:545"
559,0,7200,0,5.00,5.00,1.500000e+00,10,0,559,10.000000,946080000,1,"545"
560,0,7200,0,5.00,5.00,1.500000e+00,10,0,564,10.000000,946080000,1,"545"
561,0,7200,0,5.00,5.00,1.500000e+00,10,0,585,10.000000,946080000,1,"552:555"
562,0,7200,0,5.00,5.00,1.500000e+00,10,0,593,10.000000,946080000,1,"552:555"
563,0,7200,0,5.00,5.00,1.500000e+00,10,0,557,10.000000,946080000,1,"556"
564,0,7200,0,5.00,5.00,1.500000e+00,10,0,554,10.000000,946080000,1,"540:556"
565,0,7200,0,5.00,5.00,1.500000e+00,10,0,567,10.000000,946080000,1,"564"
566,0,7200,0,5.00,5.00,1.500000e+00,10,0,558,10.000000,946080000,1,"538:564"
567,0,7200,0,5.00,5.00,1.500000e+00,10,0,578,10.000000,946080000,1,"542:564"
568,0,7200,0,5.00,5.00,1.500000e+00,10,0,576,10.000000,946080000,1,"546"
569,0,7200,0,5.00,5.00,1.500000e+00,10,0,570,10.000000,946080000,1,"546:560"
570,0,7200,0,5.00,5.00,1.500000e+00,10,0,573,10.000000,946080000,1,"546:554"
571,0,7200,0,5.00,5.00,1.500000e+00,10,0,577,10.000000,946080000,1,"559:563"
572,0,7200,0,5.00,5.00,1.500000e+00,10,0,571,10.000000,946080000,1,"559:563"
573,0,7200,0,5.00,5.00,1.500000e+00,10,0,575,10.000000,946080000,1,"557:566"
574,0,7200,0,5.00,5.00,1.500000e+00,10,0,579,10.000000,946080000,1,"557:566"
575,0,7200,0,5.00,5.00,1.500000e+00,10,0,594,10.000000,946080000,1,"549:561:572:574"
576,0,7200,0,5.00,5.00,1.500000e+00,10,0,590,10.000000,946080000,1,"549:561:572:574"
577,0,7200,0,5.00,5.00,1.500000e+00,10,0,592,10.000000,946080000,1,"549:561:572:574"
578,0,7200,0,5.00,5.00,1.500000e+00,10,0,586,10.000000,946080000,1,"549:561:572:574"
579,0,7200,0,5.00,5.00,1.500000e+00,10,0,574,10.000000,946080000,1,""
580,0,7200,0,5.00,5.00,1.500000e+00,10,0,572,10.000000,946080000,1,""
581,0,7200,0,5.00,5.00,1.500000e+00,10,0,595,10.000000,946080000,1,"578"
582,0,7200,0,5.00,5.00,1.500000e+00,10,0,596,10.000000,946080000,1,"578:579"
583,0,7200,0,5.00,5.00,1.500000e+00,10,0,602,10.000000,946080000,1,"570:579"
584,0,7200,0,5.00,5.00,1.500000e+00,10,0,591,10.000000,946080000,1,"570:580"
585,0,7200,0,5.00,5.00,1.500000e+00,10,0,600,10.000000,946080000,1,"567:577:584"
586,0,7200,0,5.00,5.00,1.500000e+00,10,0,598,10.000000,946080000,1,"567:577:584"
587,0,7200,0,5.00,5.00,1.500000e+00,10,0,597,10.000000,946080000,1,"567:577:584"
588,0,7200,0,5.00,5.00,1.500000e+00,10,0,603,10.000000,946080000,1,"565:568:587"
589,0,7200,0,5.00,5.00,1.500000e+00,10,0,601,10.000000,946080000,1,"562:565:575"
590,0,7200,0,5.00,5.00,1.500000e+00,10,0,599,10.000000,946080000,1,""
591,0,7200,0,5.00,5.00,1.500000e+00,10,0,609,10.000000,946080000,1,"569:588:589:590"
592,0,7200,0,5.00,5.00,1.500000e+00,10,0,605,10.000000,946080000,1,"571:585:586:590"
593,0,7200,0,5.00,5.00,1.500000e+00,10,0,588,10.000000,946080000,1,"553"
594,0,7200,0,5.00,5.00,1.500000e+00,10,0,606,10.000000,946080000,1,"553:581"
595,0,7200,0,5.00,5.00,1.500000e+00,10,0,589,10.000000,946080000,1,"553:573"
596,0,7200,0,5.00,5.00,1.500000e+00,10,0,610,10.000000,946080000,1,"553:591"
597,0,7200,0,5.00,5.00,1.500000e+00,10,0,587,10.000000,946080000,1,"553:558"
598,0,7200,0,5.00,5.00,1.500000e+00,10,0,607,10.000000,946080000,1,"553:582"
599,0,7200,0,5.00,5.00,1.500000e+00,10,0,604,10.000000,946080000,1,""
600,0,7200,0,5.00,5.00,1.500000e+00,10,0,613,10.000000,946080000,1,"593:594:599"
601,0,7200,0,5.00,5.00,1.500000e+00,10,0,611,10.000000,946080000,1,"583:592:599"
602,0,7200,0,5.00,5.00,1.500000e+00,10,0,616,10.000000,946080000,1,"595:596:597"
603,0,7200,0,5.00,5.00,1.500000e+00,10,0,615,10.000000,946080000,1,"595:596:597"
604,0,7200,0,5.00,5.00,1.500000e+00,10,0,614,10.000000,946080000,1,"595:596:597"
605,0,7200,0,5.00,5.00,1.500000e+00,10,0,620,10.000000,946080000,1,"576:603"
606,0,7200,0,5.00,5.00,1.500000e+00,10,0,612,10.000000,946080000,1,"576:601"
607,0,7200,0,5.00,5.00,1.500000e+00,10,0,617,10.000000,946080000,1,""
608,0,7200,0,5.00,5.00,1.500000e+00,10,0,623,10.000000,946080000,1,"604"
609,0,7200,0,5.00,5.00,1.500000e+00,10,0,628,10.000000,946080000,1,"600:604"
610,0,7200,0,5.00,5.00,1.500000e+00,10,0,618,10.000000,946080000,1,"600:606"
611,0,7200,0,5.00,5.00,1.500000e+00,10,0,621,10.000000,946080000,1,"602:606"
612,0,7200,0,5.00,5.00,1.500000e+00,10,0,622,10.000000,946080000,1,"602:607"
613,0,7200,0,5.00,5.00,1.500000e+00,10,0,629,10.000000,946080000,1,"605:607"
614,0,7200,0,5.00,5.00,1.500000e+00,10,0,625,10.000000,946080000,1,"605"
615,0,7200,0,5.00,5.00,1.500000e+00,10,0,608,10.000000,946080000,1,""
616,0,7200,0,5.00,5.00,1.500000e+00,10,0,624,10.000000,946080000,1,"598:612"
617,0,7200,0,5.00,5.00,1.500000e+00,10,0,619,10.000000,946080000,1,"598:615"
618,0,7200,0,5.00,5.00,1.500000e+00,10,0,636,10.000000,946080000,1,"610:616"
619,0,7200,0,5.00,5.00,1.500000e+00,10,0,642,10.000000,946080000,1,"610:616"
620,0,7200,0,5.00,5.00,1.500000e+00,10,0,626,10.000000,946080000,1,"611"
621,0,7200,0,5.00,5.00,1.500000e+00,10,0,631,10.000000,946080000,1,"611:614"
622,0,7200,0,5.00,5.00,1.500000e+00,10,0,633,10.000000,946080000,1,"613:621"
623,0,7200,0,5.00,5.00,1.500000e+00,10,0,632,10.000000,946080000,1,"613:621"
624,0,7200,0,5.00,5.00,1.500000e+00,10,0,627,10.000000,946080000,1,""
625,0,7200,0,5.00,5.00,1.500000e+00,10,0,638,10.000000,946080000,1,"609:623"
626,0,7200,0,5.00,5.00,1.500000e+00,10,0,635,10.000000,946080000,1,"623:624"
627,0,7200,0,5.00,5.00,1.500000e+00,10,0,640,10.000000,946080000,1,"620:624"
628,0,7200,0,5.00,5.00,1.500000e+00,10,0,634,10.000000,946080000,1,"609:620"
629,0,7200,0,5.00,5.00,1.500000e+00,10,0,641,10.000000,946080000,1,"618:626"
630,0,7200,0,5.00,5.00,1.500000e+00,10,0,643,10.000000,946080000,1,"626:628"
631,0,7200,0,5.00,5.00,1.500000e+00,10,0,637,10.000000,946080000,1,"622"
632,0,7200,0,5.00,5.00,1.500000e+00,10,0,639,10.000000,946080000,1,"617:622"
633,0,7200,0,5.00,5.00,1.500000e+00,10,0,645,10.000000,946080000,1,"627:632"
634,0,7200,0,5.00,5.00,1.500000e+00,10,0,644,10.000000,946080000,1,"627:632"
635,0,7200,0,5.00,5.00,1.500000e+00,10,0,650,10.000000,946080000,1,"629"
636,0,7200,0,5.00,5.00,1.500000e+00,10,0,647,10.000000,946080000,1,"619:629"
637,0,7200,0,5.00,5.00,1.500000e+00,10,0,646,10.000000,946080000,1,"625:629"
638,0,7200,0,5.00,5.00,1.500000e+00,10,0,648,10.000000,946080000,1,"630"
639,0,7200,0,5.00,5.00,1.500000e+00,10,0,651,10.000000,946080000,1,"630:634"
640,0,7200,0,5.00,5.00,1.500000e+00,10,0,630,10.000000,946080000,1,"608"
641,0,7200,0,5.00,5.00,1.500000e+00,10,0,652,10.000000,946080000,1,"608:637"
642,0,7200,0,5.00,5.00,1.500000e+00,10,0,663,10.000000,946080000,1,"633:637"
643,0,7200,0,5.00,5.00,1.500000e+00,10,0,649,10.000000,946080000,1,""
644,0,7200,0,5.00,5.00,1.500000e+00,10,0,653,10.000000,946080000,1,"631:641"
645,0,7200,0,5.00,5.00,1.500000e+00,10,0,655,10.000000,946080000,1,"631:636"
646,0,7200,0,5.00,5.00,1.500000e+00,10,0,658,10.000000,946080000,1,"636:643"
647,0,7200,0,5.00,5.00,1.500000e+00,10,0,656,10.000000,946080000,1,"638:643"
648,0,7200,0,5.00,5.00,1.500000e+00,10,0,660,10.000000,946080000,1,"638:640"
649,0,7200,0,5.00,5.00,1.500000e+00,10,0,654,10.000000,946080000,1,"640:641"
650,0,7200,0,5.00,5.00,1.500000e+00,10,0,668,10.000000,946080000,1,"639:645:649"
651,0,7200,0,5.00,5.00,1.500000e+00,10,0,666,10.000000,946080000,1,"639:645:649"
652,0,7200,0,5.00,5.00,1.500000e+00,10,0,662,10.000000,946080000,1,"639:645:649"
653,0,7200,0,5.00,5.00,1.500000e+00,10,0,661,10.000000,946080000,1,""
654,0,7200,0,5.00,5.00,1.500000e+00,10,0,659,10.000000,946080000,1,""
655,0,7200,0,5.00,5.00,1.500000e+00,10,0,667,10.000000,946080000,1,""
656,0,7200,0,5.00,5.00,1.500000e+00,10,0,664,10.000000,946080000,1,""
657,0,7200,0,5.00,5.00,1.500000e+00,10,0,665,10.000000,946080000,1,""
658,0,7200,0,5.00,5.00,1.500000e+00,10,0,657,10.000000,946080000,1,""
659,0,7200,0,5.00,5.00,1.500000e+00,10,0,669,10.000000,946080000,1,"642:646:648:650:651:653:654:655"
660,0,7200,0,5.00,5.00,1.500000e+00,10,0,670,10.000000,946080000,1,"635:644:647:648:652:656:657:658"
661,0,7200,0,5.00,5.00,1.500000e+00,10,0,672,10.000000,946080000,1,"659"
662,0,7200,0,5.00,5.00,1.500000e+00,10,0,673,10.000000,946080000,1,"659:660"
663,0,7200,0,5.00,5.00,1.500000e+00,10,0,671,10.000000,946080000,1,"660"
664,0,7200,0,5.00,5.00,1.500000e+00,10,0,87,10.000000,946080000,1,""
665,0,7200,0,5.00,5.00,1.500000e+00,10,0,674,10.000000,946080000,1,"664"
666,0,7200,0,5.00,5.00,1.500000e+00,10,0,675,10.000000,946080000,1,"663:664"
667,0,7200,0,5.00,5.00,1.500000e+00,10,0,677,10.000000,946080000,1,"661:663"
668,0,7200,0,5.00,5.00,1.500000e+00,10,0,676,10.000000,946080000,1,"661:662"
669,0,7200,0,5.00,5.00,1.500000e+00,10,0,678,10.000000,946080000,1,"666:668"
670,0,7200,0,5.00,5.00,1.500000e+00,10,0,679,10.000000,946080000,1,"666:668"
671,0,7200,0,5.00,5.00,1.500000e+00,10,0,680,10.000000,946080000,1,"667"
672,0,7200,0,5.00,5.00,1.500000e+00,10,0,682,10.000000,946080000,1,"667:669"
673,0,7200,0,5.00,5.00,1.500000e+00,10,0,681,10.000000,946080000,1,"665:669"
674,0,7200,0,5.00,5.00,1.500000e+00,10,0,689,10.000000,946080000,1,"672:673"
675,0,7200,0,5.00,5.00,1.500000e+00,10,0,683,10.000000,946080000,1,"672:673"
676,0,7200,0,5.00,5.00,1.500000e+00,10,0,684,10.000000,946080000,1,"670:671:675"
677,0,7200,0,5.00,5.00,1.500000e+00,10,0,685,10.000000,946080000,1,"670:671:675"
678,0,7200,0,5.00,5.00,1.500000e+00,10,0,686,10.000000,946080000,1,"670:671:675"
679,0,7200,0,5.00,5.00,1.500000e+00,10,0,687,10.000000,946080000,1,"676"
680,0,7200,0,5.00,5.00,1.500000e+00,10,0,688,10.000000,946080000,1,"676:677"
681,0,7200,0,5.00,5.00,1.500000e+00,10,0,691,10.000000,946080000,1,"674:679"
682,0,7200,0,5.00,5.00,1.500000e+00,10,0,692,10.000000,946080000,1,"674:680"
683,0,7200,0,5.00,5.00,1.500000e+00,10,0,693,10.000000,946080000,1,"679:680"
684,0,7200,0,5.00,5.00,1.500000e+00,10,0,690,10.000000,946080000,1,"678"
685,0,7200,0,5.00,5.00,1.500000e+00,10,0,696,10.000000,946080000,1,"678:681"
686,0,7200,0,5.00,5.00,1.500000e+00,10,0,694,10.000000,946080000,1,"681:682"
687,0,7200,0,5.00,5.00,1.500000e+00,10,0,695,10.000000,946080000,1,"682:683"
688,0,7200,0,5.00,5.00,1.500000e+00,10,0,703,10.000000,946080000,1,"684:685"
689,0,7200,0,5.00,5.00,1.500000e+00,10,0,702,10.000000,946080000,1,"685:687"
690,0,7200,0,5.00,5.00,1.500000e+00,10,0,704,10.000000,946080000,1,"684:687"
691,0,7200,0,5.00,5.00,1.500000e+00,10,0,710,10.000000,946080000,1,"688"
692,0,7200,0,5.00,5.00,1.500000e+00,10,0,709,10.000000,946080000,1,"688:690"
693,0,7200,0,5.00,5.00,1.500000e+00,10,0,705,10.000000,946080000,1,""
694,0,7200,0,5.00,5.00,1.500000e+00,10,0,697,10.000000,946080000,1,""
695,0,7200,0,5.00,5.00,1.500000e+00,10,0,698,10.000000,946080000,1,""
696,0,7200,0,5.00,5.00,1.500000e+00,10,0,713,10.000000,946080000,1,"691:693"
697,0,7200,0,5.00,5.00,1.500000e+00,10,0,708,10.000000,946080000,1,"689:693"
698,0,7200,0,5.00,5.00,1.500000e+00,10,0,707,10.000000,946080000,1,"689:694"
699,0,7200,0,5.00,5.00,1.500000e+00,10,0,699,10.000000,946080000,1,"694:695"
700,0,7200,0,5.00,5.00,1.500000e+00,10,0,711,10.000000,946080000,1,"692:695"
701,0,7200,0,5.00,5.00,1.500000e+00,10,0,712,10.000000,946080000,1,"691:692"
702,0,7200,0,5.00,5.00,1.500000e+00,10,0,701,10.000000,946080000,1,"699"
703,0,7200,0,5.00,5.00,1.500000e+00,10,0,717,10.000000,946080000,1,"696:699"
704,0,7200,0,5.00,5.00,1.500000e+00,10,0,737,10.000000,946080000,1,"703"
705,0,7200,0,5.00,5.00,1.500000e+00,10,0,739,10.000000,946080000,1,"703"
706,0,7200,0,5.00,5.00,1.500000e+00,10,0,738,10.000000,946080000,1,"703"
707,0,7200,0,5.00,5.00,1.500000e+00,10,0,731,10.000000,946080000,1,"698:703"
708,0,7200,0,5.00,5.00,1.500000e+00,10,0,726,10.000000,946080000,1,"698"
709,0,7200,0,5.00,5.00,1.500000e+00,10,0,724,10.000000,946080000,1,"698"
710,0,7200,0,5.00,5.00,1.500000e+00,10,0,722,10.000000,946080000,1,"686:698"
711,0,7200,0,5.00,5.00,1.500000e+00,10,0,706,10.000000,946080000,1,"686"
712,0,7200,0,5.00,5.00,1.500000e+00,10,0,700,10.000000,946080000,1,"686"
713,0,7200,0,5.00,5.00,1.500000e+00,10,0,718,10.000000,946080000,1,"686:700"
714,0,7200,0,5.00,5.00,1.500000e+00,10,0,725,10.000000,946080000,1,"700"
715,0,7200,0,5.00,5.00,1.500000e+00,10,0,723,10.000000,946080000,1,"700"
716,0,7200,0,5.00,5.00,1.500000e+00,10,0,721,10.000000,946080000,1,"700"
717,0,7200,0,5.00,5.00,1.500000e+00,10,0,716,10.000000,946080000,1,"712"
718,0,7200,0,5.00,5.00,1.500000e+00,10,0,730,10.000000,946080000,1,"702:712"
719,0,7200,0,5.00,5.00,1.500000e+00,10,0,732,10.000000,946080000,1,"702:707"
720,0,7200,0,5.00,5.00,1.500000e+00,10,0,714,10.000000,946080000,1,"697:711"
721,0,7200,0,5.00,5.00,1.500000e+00,10,0,715,10.000000,946080000,1,"697:711"
722,0,7200,0,5.00,5.00,1.500000e+00,10,0,734,10.000000,946080000,1,"719"
723,0,7200,0,5.00,5.00,1.500000e+00,10,0,733,10.000000,946080000,1,"714:719"
724,0,7200,0,5.00,5.00,1.500000e+00,10,0,746,10.000000,946080000,1,"723"
725,0,7200,0,5.00,5.00,1.500000e+00,10,0,747,10.000000,946080000,1,"721:723"
726,0,7200,0,5.00,5.00,1.500000e+00,10,0,720,10.000000,946080000,1,"717:721"
727,0,7200,0,5.00,5.00,1.500000e+00,10,0,727,10.000000,946080000,1,"720"
728,0,7200,0,5.00,5.00,1.500000e+00,10,0,719,10.000000,946080000,1,"720"
729,0,7200,0,5.00,5.00,1.500000e+00,10,0,756,10.000000,946080000,1,"713:720"
730,0,7200,0,5.00,5.00,1.500000e+00,10,0,735,10.000000,946080000,1,"713"
731,0,7200,0,5.00,5.00,1.500000e+00,10,0,741,10.000000,946080000,1,"713"
732,0,7200,0,5.00,5.00,1.500000e+00,10,0,745,10.000000,946080000,1,"722:726"
733,0,7200,0,5.00,5.00,1.500000e+00,10,0,749,10.000000,946080000,1,"722:726"
734,0,7200,0,5.00,5.00,1.500000e+00,10,0,766,10.000000,946080000,1,"724"
735,0,7200,0,5.00,5.00,1.500000e+00,10,0,760,10.000000,946080000,1,"709:724"
736,0,7200,0,5.00,5.00,1.500000e+00,10,0,742,10.000000,946080000,1,"704:706"
737,0,7200,0,5.00,5.00,1.500000e+00,10,0,740,10.000000,946080000,1,"704:716"
738,0,7200,0,5.00,5.00,1.500000e+00,10,0,767,10.000000,946080000,1,"716:732"
739,0,7200,0,5.00,5.00,1.500000e+00,10,0,761,10.000000,946080000,1,"706:732"
740,0,7200,0,5.00,5.00,1.500000e+00,10,0,88,10.000000,946080000,1,""
741,0,7200,0,5.00,5.00,1.500000e+00,10,0,89,10.000000,946080000,1,"740"
742,0,7200,0,5.00,5.00,1.500000e+00,10,0,744,10.000000,946080000,1,"737:740"
743,0,7200,0,5.00,5.00,1.500000e+00,10,0,743,10.000000,946080000,1,"731:737"
744,0,7200,0,5.00,5.00,1.500000e+00,10,0,751,10.000000,946080000,1,"705"
745,0,7200,0,5.00,5.00,1.500000e+00,10,0,777,10.000000,946080000,1,"705:735"
746,0,7200,0,5.00,5.00,1.500000e+00,10,0,776,10.000000,946080000,1,"727:735"
747,0,7200,0,5.00,5.00,1.500000e+00,10,0,762,10.000000,946080000,1,"708:739"
748,0,7200,0,5.00,5.00,1.500000e+00,10,0,764,10.000000,946080000,1,"708:739"
749,0,7200,0,5.00,5.00,1.500000e+00,10,0,748,10.000000,946080000,1,"743"
750,0,7200,0,5.00,5.00,1.500000e+00,10,0,758,10.000000,946080000,1,"733:743"
751,0,7200,0,5.00,5.00,1.500000e+00,10,0,785,10.000000,946080000,1,"743:746"
752,0,7200,0,5.00,5.00,1.500000e+00,10,0,729,10.000000,946080000,1,"741"
753,0,7200,0,5.00,5.00,1.500000e+00,10,0,736,10.000000,946080000,1,"730:741"
754,0,7200,0,5.00,5.00,1.500000e+00,10,0,752,10.000000,946080000,1,"741:742"
755,0,7200,0,5.00,5.00,1.500000e+00,10,0,768,10.000000,946080000,1,"734:741"
756,0,7200,0,5.00,5.00,1.500000e+00,10,0,784,10.000000,946080000,1,"741:745"
757,0,7200,0,5.00,5.00,1.500000e+00,10,0,780,10.000000,946080000,1,"749"
758,0,7200,0,5.00,5.00,1.500000e+00,10,0,759,10.000000,946080000,1,"749:750"
759,0,7200,0,5.00,5.00,1.500000e+00,10,0,771,10.000000,946080000,1,"728:750"
760,0,7200,0,5.00,5.00,1.500000e+00,10,0,754,10.000000,946080000,1,"728"
761,0,7200,0,5.00,5.00,1.500000e+00,10,0,728,10.000000,946080000,1,"701"
762,0,7200,0,5.00,5.00,1.500000e+00,10,0,750,10.000000,946080000,1,"701:753"
763,0,7200,0,5.00,5.00,1.500000e+00,10,0,757,10.000000,946080000,1,"753"
764,0,7200,0,5.00,5.00,1.500000e+00,10,0,755,10.000000,946080000,1,"752:761"
765,0,7200,0,5.00,5.00,1.500000e+00,10,0,769,10.000000,946080000,1,"725:752"
766,0,7200,0,5.00,5.00,1.500000e+00,10,0,763,10.000000,946080000,1,"725:761"
767,0,7200,0,5.00,5.00,1.500000e+00,10,0,789,10.000000,946080000,1,"747"
768,0,7200,0,5.00,5.00,1.500000e+00,10,0,765,10.000000,946080000,1,"747:760"
769,0,7200,0,5.00,5.00,1.500000e+00,10,0,788,10.000000,946080000,1,"736:747"
770,0,7200,0,5.00,5.00,1.500000e+00,10,0,778,10.000000,946080000,1,"747:766"
771,0,7200,0,5.00,5.00,1.500000e+00,10,0,786,10.000000,946080000,1,"764:768"
772,0,7200,0,5.00,5.00,1.500000e+00,10,0,791,10.000000,946080000,1,"764:768"
773,0,7200,0,5.00,5.00,1.500000e+00,10,0,753,10.000000,946080000,1,""
774,0,7200,0,5.00,5.00,1.500000e+00,10,0,779,10.000000,946080000,1,"754:773"
775,0,7200,0,5.00,5.00,1.500000e+00,10,0,770,10.000000,946080000,1,"754:758"
776,0,7200,0,5.00,5.00,1.500000e+00,10,0,772,10.000000,946080000,1,"758:773"
777,0,7200,0,5.00,5.00,1.500000e+00,10,0,773,10.000000,946080000,1,"765"
778,0,7200,0,5.00,5.00,1.500000e+00,10,0,800,10.000000,946080000,1,"765:775"
779,0,7200,0,5.00,5.00,1.500000e+00,10,0,774,10.000000,946080000,1,"775"
780,0,7200,0,5.00,5.00,1.500000e+00,10,0,781,10.000000,946080000,1,"738:755:763"
781,0,7200,0,5.00,5.00,1.500000e+00,10,0,782,10.000000,946080000,1,"738:755:763"
782,0,7200,0,5.00,5.00,1.500000e+00,10,0,775,10.000000,946080000,1,"738:755:763"
783,0,7200,0,5.00,5.00,1.500000e+00,10,0,795,10.000000,946080000,1,"771"
784,0,7200,0,5.00,5.00,1.500000e+00,10,0,798,10.000000,946080000,1,"757:771"
785,0,7200,0,5.00,5.00,1.500000e+00,10,0,783,10.000000,946080000,1,"757:774"
786,0,7200,0,5.00,5.00,1.500000e+00,10,0,792,10.000000,946080000,1,"779"
787,0,7200,0,5.00,5.00,1.500000e+00,10,0,794,10.000000,946080000,1,"744:779"
788,0,7200,0,5.00,5.00,1.500000e+00,10,0,793,10.000000,946080000,1,"776:779"
789,0,7200,0,5.00,5.00,1.500000e+00,10,0,797,10.000000,946080000,1,"729:779"
790,0,7200,0,5.00,5.00,1.500000e+00,10,0,801,10.000000,946080000,1,""
791,0,7200,0,5.00,5.00,1.500000e+00,10,0,787,10.000000,946080000,1,"710:715:751:785"
792,0,7200,0,5.00,5.00,1.500000e+00,10,0,799,10.000000,946080000,1,"710:762:780:781"
793,0,7200,0,5.00,5.00,1.500000e+00,10,0,805,10.000000,946080000,1,"748:756:762:786"
794,0,7200,0,5.00,5.00,1.500000e+00,10,0,812,10.000000,946080000,1,"759:772:786:787"
795,0,7200,0,5.00,5.00,1.500000e+00,10,0,804,10.000000,946080000,1,"769:772:777:783"
796,0,7200,0,5.00,5.00,1.500000e+00,10,0,824,10.000000,946080000,1,"778:783:789:790"
797,0,7200,0,5.00,5.00,1.500000e+00,10,0,806,10.000000,946080000,1,"795"
798,0,7200,0,5.00,5.00,1.500000e+00,10,0,816,10.000000,946080000,1,"793:795"
799,0,7200,0,5.00,5.00,1.500000e+00,10,0,809,10.000000,946080000,1,"784:792"
800,0,7200,0,5.00,5.00,1.500000e+00,10,0,802,10.000000,946080000,1,"784:792"
801,0,7200,0,5.00,5.00,1.500000e+00,10,0,803,10.000000,946080000,1,"767:800"
802,0,7200,0,5.00,5.00,1.500000e+00,10,0,810,10.000000,946080000,1,"767:800"
803,0,7200,0,5.00,5.00,1.500000e+00,10,0,807,10.000000,946080000,1,"801"
804,0,7200,0,5.00,5.00,1.500000e+00,10,0,808,10.000000,946080000,1,"791:801"
805,0,7200,0,5.00,5.00,1.500000e+00,10,0,819,10.000000,946080000,1,"791:797"
806,0,7200,0,5.00,5.00,1.500000e+00,10,0,815,10.000000,946080000,1,"797"
807,0,7200,0,5.00,5.00,1.500000e+00,10,0,817,10.000000,946080000,1,"799:804"
808,0,7200,0,5.00,5.00,1.500000e+00,10,0,820,10.000000,946080000,1,"799:804"
809,0,7200,0,5.00,5.00,1.500000e+00,10,0,790,10.000000,946080000,1,"770"
810,0,7200,0,5.00,5.00,1.500000e+00,10,0,811,10.000000,946080000,1,"770:788"
811,0,7200,0,5.00,5.00,1.500000e+00,10,0,814,10.000000,946080000,1,"803"
812,0,7200,0,5.00,5.00,1.500000e+00,10,0,821,10.000000,946080000,1,"782:803"
813,0,7200,0,5.00,5.00,1.500000e+00,10,0,796,10.000000,946080000,1,"782"
814,0,7200,0,5.00,5.00,1.500000e+00,10,0,829,10.000000,946080000,1,"798:806:807:809"
815,0,7200,0,5.00,5.00,1.500000e+00,10,0,831,10.000000,946080000,1,"798:806:807:809"
816,0,7200,0,5.00,5.00,1.500000e+00,10,0,825,10.000000,946080000,1,"798:806:807:809"
817,0,7200,0,5.00,5.00,1.500000e+00,10,0,826,10.000000,946080000,1,"798:806:807:809"
818,0,7200,0,5.00,5.00,1.500000e+00,10,0,830,10.000000,946080000,1,"811:816"
819,0,7200,0,5.00,5.00,1.500000e+00,10,0,828,10.000000,946080000,1,"811:816"
820,0,7200,0,5.00,5.00,1.500000e+00,10,0,832,10.000000,946080000,1,"815:818"
821,0,7200,0,5.00,5.00,1.500000e+00,10,0,836,10.000000,946080000,1,"805:818"
822,0,7200,0,5.00,5.00,1.500000e+00,10,0,844,10.000000,946080000,1,"820"
823,0,7200,0,5.00,5.00,1.500000e+00,10,0,839,10.000000,946080000,1,"814:820"
824,0,7200,0,5.00,5.00,1.500000e+00,10,0,835,10.000000,946080000,1,"814:819"
825,0,7200,0,5.00,5.00,1.500000e+00,10,0,837,10.000000,946080000,1,"813:819"
826,0,7200,0,5.00,5.00,1.500000e+00,10,0,823,10.000000,946080000,1,"810:813"
827,0,7200,0,5.00,5.00,1.500000e+00,10,0,813,10.000000,946080000,1,"794:810"
828,0,7200,0,5.00,5.00,1.500000e+00,10,0,834,10.000000,946080000,1,"794:817"
829,0,7200,0,5.00,5.00,1.500000e+00,10,0,827,10.000000,946080000,1,"817"
830,0,7200,0,5.00,5.00,1.500000e+00,10,0,822,10.000000,946080000,1,""
831,0,7200,0,5.00,5.00,1.500000e+00,10,0,818,10.000000,946080000,1,""
832,0,7200,0,5.00,5.00,1.500000e+00,10,0,843,10.000000,946080000,1,""
833,0,7200,0,5.00,5.00,1.500000e+00,10,0,845,10.000000,946080000,1,""
834,0,7200,0,5.00,5.00,1.500000e+00,10,0,846,10.000000,946080000,1,"718:812:830:831"
835,0,7200,0,5.00,5.00,1.500000e+00,10,0,841,10.000000,946080000,1,"796:824:828:831"
836,0,7200,0,5.00,5.00,1.500000e+00,10,0,842,10.000000,946080000,1,"808:821:824:827"
837,0,7200,0,5.00,5.00,1.500000e+00,10,0,860,10.000000,946080000,1,"802:808:823:826"
838,0,7200,0,5.00,5.00,1.500000e+00,10,0,849,10.000000,946080000,1,"802:822:832:833"
839,0,7200,0,5.00,5.00,1.500000e+00,10,0,851,10.000000,946080000,1,"835"
840,0,7200,0,5.00,5.00,1.500000e+00,10,0,850,10.000000,946080000,1,"835:836"
841,0,7200,0,5.00,5.00,1.500000e+00,10,0,848,10.000000,946080000,1,"836"
842,0,7200,0,5.00,5.00,1.500000e+00,10,0,861,10.000000,946080000,1,"834:838:840"
843,0,7200,0,5.00,5.00,1.500000e+00,10,0,864,10.000000,946080000,1,"834:838:840"
844,0,7200,0,5.00,5.00,1.500000e+00,10,0,852,10.000000,946080000,1,"834:838:840"
845,0,7200,0,5.00,5.00,1.500000e+00,10,0,865,10.000000,946080000,1,""
846,0,7200,0,5.00,5.00,1.500000e+00,10,0,878,10.000000,946080000,1,"825:837:842"
847,0,7200,0,5.00,5.00,1.500000e+00,10,0,867,10.000000,946080000,1,"837:843:845"
848,0,7200,0,5.00,5.00,1.500000e+00,10,0,833,10.000000,946080000,1,"829"
849,0,7200,0,5.00,5.00,1.500000e+00,10,0,838,10.000000,946080000,1,"829"
850,0,7200,0,5.00,5.00,1.500000e+00,10,0,869,10.000000,946080000,1,"829:844"
851,0,7200,0,5.00,5.00,1.500000e+00,10,0,868,10.000000,946080000,1,"844"
852,0,7200,0,5.00,5.00,1.500000e+00,10,0,876,10.000000,946080000,1,"844:847"
853,0,7200,0,5.00,5.00,1.500000e+00,10,0,872,10.000000,946080000,1,"847"
854,0,7200,0,5.00,5.00,1.500000e+00,10,0,870,10.000000,946080000,1,"847"
855,0,7200,0,5.00,5.00,1.500000e+00,10,0,859,10.000000,946080000,1,"839"
856,0,7200,0,5.00,5.00,1.500000e+00,10,0,880,10.000000,946080000,1,"839:854"
857,0,7200,0,5.00,5.00,1.500000e+00,10,0,883,10.000000,946080000,1,"849:854"
858,0,7200,0,5.00,5.00,1.500000e+00,10,0,877,10.000000,946080000,1,""
859,0,7200,0,5.00,5.00,1.500000e+00,10,0,882,10.000000,946080000,1,"852:858"
860,0,7200,0,5.00,5.00,1.500000e+00,10,0,887,10.000000,946080000,1,"852:857"
861,0,7200,0,5.00,5.00,1.500000e+00,10,0,863,10.000000,946080000,1,"841"
862,0,7200,0,5.00,5.00,1.500000e+00,10,0,854,10.000000,946080000,1,"841"
863,0,7200,0,5.00,5.00,1.500000e+00,10,0,862,10.000000,946080000,1,"841:848"
864,0,7200,0,5.00,5.00,1.500000e+00,10,0,840,10.000000,946080000,1,"848"
865,0,7200,0,5.00,5.00,1.500000e+00,10,0,875,10.000000,946080000,1,"848:851"
866,0,7200,0,5.00,5.00,1.500000e+00,10,0,871,10.000000,946080000,1,"851"
867,0,7200,0,5.00,5.00,1.500000e+00,10,0,891,10.000000,946080000,1,"851:860"
868,0,7200,0,5.00,5.00,1.500000e+00,10,0,892,10.000000,946080000,1,"860"
869,0,7200,0,5.00,5.00,1.500000e+00,10,0,894,10.000000,946080000,1,"853:860"
870,0,7200,0,5.00,5.00,1.500000e+00,10,0,884,10.000000,946080000,1,"853"
871,0,7200,0,5.00,5.00,1.500000e+00,10,0,889,10.000000,946080000,1,"853:856"
872,0,7200,0,5.00,5.00,1.500000e+00,10,0,896,10.000000,946080000,1,"856"
873,0,7200,0,5.00,5.00,1.500000e+00,10,0,886,10.000000,946080000,1,"856"
874,0,7200,0,5.00,5.00,1.500000e+00,10,0,881,10.000000,946080000,1,"866"
875,0,7200,0,5.00,5.00,1.500000e+00,10,0,909,10.000000,946080000,1,"866:868"
876,0,7200,0,5.00,5.00,1.500000e+00,10,0,906,10.000000,946080000,1,"865:868"
877,0,7200,0,5.00,5.00,1.500000e+00,10,0,888,10.000000,946080000,1,"859:865"
878,0,7200,0,5.00,5.00,1.500000e+00,10,0,893,10.000000,946080000,1,"859:871"
879,0,7200,0,5.00,5.00,1.500000e+00,10,0,911,10.000000,946080000,1,"855:878"
880,0,7200,0,5.00,5.00,1.500000e+00,10,0,905,10.000000,946080000,1,"869:878"
881,0,7200,0,5.00,5.00,1.500000e+00,10,0,912,10.000000,946080000,1,"850:869"
882,0,7200,0,5.00,5.00,1.500000e+00,10,0,874,10.000000,946080000,1,"850:863"
883,0,7200,0,5.00,5.00,1.500000e+00,10,0,90,10.000000,946080000,1,""
884,0,7200,0,5.00,5.00,1.500000e+00,10,0,922,10.000000,946080000,1,"876"
885,0,7200,0,5.00,5.00,1.500000e+00,10,0,926,10.000000,946080000,1,"876"
886,0,7200,0,5.00,5.00,1.500000e+00,10,0,923,10.000000,946080000,1,"864:876"
887,0,7200,0,5.00,5.00,1.500000e+00,10,0,847,10.000000,946080000,1,"864"
888,0,7200,0,5.00,5.00,1.500000e+00,10,0,904,10.000000,946080000,1,"864:877"
889,0,7200,0,5.00,5.00,1.500000e+00,10,0,901,10.000000,946080000,1,"877"
890,0,7200,0,5.00,5.00,1.500000e+00,10,0,902,10.000000,946080000,1,"877:883"
891,0,7200,0,5.00,5.00,1.500000e+00,10,0,885,10.000000,946080000,1,"883"
892,0,7200,0,5.00,5.00,1.500000e+00,10,0,897,10.000000,946080000,1,"874:883"
893,0,7200,0,5.00,5.00,1.500000e+00,10,0,890,10.000000,946080000,1,"874"
894,0,7200,0,5.00,5.00,1.500000e+00,10,0,971,10.000000,946080000,1,"874:880"
895,0,7200,0,5.00,5.00,1.500000e+00,10,0,936,10.000000,946080000,1,"880"
896,0,7200,0,5.00,5.00,1.500000e+00,10,0,939,10.000000,946080000,1,"862:880"
897,0,7200,0,5.00,5.00,1.500000e+00,10,0,879,10.000000,946080000,1,"862"
898,0,7200,0,5.00,5.00,1.500000e+00,10,0,903,10.000000,946080000,1,"862:873"
899,0,7200,0,5.00,5.00,1.500000e+00,10,0,900,10.000000,946080000,1,"873"
900,0,7200,0,5.00,5.00,1.500000e+00,10,0,895,10.000000,946080000,1,"873"
901,0,7200,0,5.00,5.00,1.500000e+00,10,0,919,10.000000,946080000,1,"867"
902,0,7200,0,5.00,5.00,1.500000e+00,10,0,907,10.000000,946080000,1,"867"
903,0,7200,0,5.00,5.00,1.500000e+00,10,0,914,10.000000,946080000,1,"867"
904,0,7200,0,5.00,5.00,1.500000e+00,10,0,918,10.000000,946080000,1,"867"
905,0,7200,0,5.00,5.00,1.500000e+00,10,0,917,10.000000,946080000,1,"867"
906,0,7200,0,5.00,5.00,1.500000e+00,10,0,913,10.000000,946080000,1,"867"
907,0,7200,0,5.00,5.00,1.500000e+00,10,0,915,10.000000,946080000,1,"867:887"
908,0,7200,0,5.00,5.00,1.500000e+00,10,0,858,10.000000,946080000,1,"887"
909,0,7200,0,5.00,5.00,1.500000e+00,10,0,866,10.000000,946080000,1,"887"
910,0,7200,0,5.00,5.00,1.500000e+00,10,0,856,10.000000,946080000,1,"887"
911,0,7200,0,5.00,5.00,1.500000e+00,10,0,855,10.000000,946080000,1,"887"
912,0,7200,0,5.00,5.00,1.500000e+00,10,0,857,10.000000,946080000,1,"887"
913,0,7200,0,5.00,5.00,1.500000e+00,10,0,853,10.000000,946080000,1,"887"
914,0,7200,0,5.00,5.00,1.500000e+00,10,0,921,10.000000,946080000,1,"875"
915,0,7200,0,5.00,5.00,1.500000e+00,10,0,928,10.000000,946080000,1,"875:882"
916,0,7200,0,5.00,5.00,1.500000e+00,10,0,931,10.000000,946080000,1,"870:884:886:888"
917,0,7200,0,5.00,5.00,1.500000e+00,10,0,934,10.000000,946080000,1,"870:884:886:888"
918,0,7200,0,5.00,5.00,1.500000e+00,10,0,930,10.000000,946080000,1,"870:884:886:888"
919,0,7200,0,5.00,5.00,1.500000e+00,10,0,935,10.000000,946080000,1,"870:884:886:888"
920,0,7200,0,5.00,5.00,1.500000e+00,10,0,898,10.000000,946080000,1,"893"
921,0,7200,0,5.00,5.00,1.500000e+00,10,0,943,10.000000,946080000,1,"893:916"
922,0,7200,0,5.00,5.00,1.500000e+00,10,0,940,10.000000,946080000,1,"872:885:912"
923,0,7200,0,5.00,5.00,1.500000e+00,10,0,908,10.000000,946080000,1,"891:900:912"
924,0,7200,0,5.00,5.00,1.500000e+00,10,0,944,10.000000,946080000,1,"900:905:915"
925,0,7200,0,5.00,5.00,1.500000e+00,10,0,920,10.000000,946080000,1,"920:923"
926,0,7200,0,5.00,5.00,1.500000e+00,10,0,946,10.000000,946080000,1,"920:923"
927,0,7200,0,5.00,5.00,1.500000e+00,10,0,959,10.000000,946080000,1,"881:901:921"
928,0,7200,0,5.00,5.00,1.500000e+00,10,0,954,10.000000,946080000,1,"909:921:924"
929,0,7200,0,5.00,5.00,1.500000e+00,10,0,948,10.000000,946080000,1,"908:909:917"
930,0,7200,0,5.00,5.00,1.500000e+00,10,0,947,10.000000,946080000,1,"895:917:919"
931,0,7200,0,5.00,5.00,1.500000e+00,10,0,929,10.000000,946080000,1,"903:906"
932,0,7200,0,5.00,5.00,1.500000e+00,10,0,925,10.000000,946080000,1,"903:906"
933,0,7200,0,5.00,5.00,1.500000e+00,10,0,968,10.000000,946080000,1,"890:898:904:926:930"
934,0,7200,0,5.00,5.00,1.500000e+00,10,0,945,10.000000,946080000,1,"846:879:896:898:922"
935,0,7200,0,5.00,5.00,1.500000e+00,10,0,899,10.000000,946080000,1,""
936,0,7200,0,5.00,5.00,1.500000e+00,10,0,964,10.000000,946080000,1,"928:935"
937,0,7200,0,5.00,5.00,1.500000e+00,10,0,910,10.000000,946080000,1,"899:935"
938,0,7200,0,5.00,5.00,1.500000e+00,10,0,963,10.000000,946080000,1,"899:928"
939,0,7200,0,5.00,5.00,1.500000e+00,10,0,980,10.000000,946080000,1,"911:936:938"
940,0,7200,0,5.00,5.00,1.500000e+00,10,0,979,10.000000,946080000,1,"911:936:938"
941,0,7200,0,5.00,5.00,1.500000e+00,10,0,978,10.000000,946080000,1,"911:936:938"
942,0,7200,0,5.00,5.00,1.500000e+00,10,0,953,10.000000,946080000,1,"914"
943,0,7200,0,5.00,5.00,1.500000e+00,10,0,927,10.000000,946080000,1,"913:914"
944,0,7200,0,5.00,5.00,1.500000e+00,10,0,873,10.000000,946080000,1,"913"
945,0,7200,0,5.00,5.00,1.500000e+00,10,0,932,10.000000,946080000,1,"889:902"
946,0,7200,0,5.00,5.00,1.500000e+00,10,0,966,10.000000,946080000,1,"889:902"
947,0,7200,0,5.00,5.00,1.500000e+00,10,0,937,10.000000,946080000,1,"910:925"
948,0,7200,0,5.00,5.00,1.500000e+00,10,0,933,10.000000,946080000,1,"910:925"
949,0,7200,0,5.00,5.00,1.500000e+00,10,0,983,10.000000,946080000,1,"892:941"
950,0,7200,0,5.00,5.00,1.500000e+00,10,0,981,10.000000,946080000,1,"941:943"
951,0,7200,0,5.00,5.00,1.500000e+00,10,0,949,10.000000,946080000,1,"892:943"
952,0,7200,0,5.00,5.00,1.500000e+00,10,0,988,10.000000,946080000,1,"940"
953,0,7200,0,5.00,5.00,1.500000e+00,10,0,982,10.000000,946080000,1,"939:940"
954,0,7200,0,5.00,5.00,1.500000e+00,10,0,984,10.000000,946080000,1,"940:942"
955,0,7200,0,5.00,5.00,1.500000e+00,10,0,938,10.000000,946080000,1,"937"
956,0,7200,0,5.00,5.00,1.500000e+00,10,0,952,10.000000,946080000,1,"918:937"
957,0,7200,0,5.00,5.00,1.500000e+00,10,0,950,10.000000,946080000,1,"918:945"
958,0,7200,0,5.00,5.00,1.500000e+00,10,0,942,10.000000,946080000,1,"945:948"
959,0,7200,0,5.00,5.00,1.500000e+00,10,0,916,10.000000,946080000,1,""
960,0,7200,0,5.00,5.00,1.500000e+00,10,0,1000,10.000000,946080000,1,"953:959"
961,0,7200,0,5.00,5.00,1.500000e+00,10,0,924,10.000000,946080000,1,"907:959"
962,0,7200,0,5.00,5.00,1.500000e+00,10,0,958,10.000000,946080000,1,"907:958"
963,0,7200,0,5.00,5.00,1.500000e+00,10,0,965,10.000000,946080000,1,"934:958"
964,0,7200,0,5.00,5.00,1.500000e+00,10,0,989,10.000000,946080000,1,"934:950"
965,0,7200,0,5.00,5.00,1.500000e+00,10,0,992,10.000000,946080000,1,"894:950"
966,0,7200,0,5.00,5.00,1.500000e+00,10,0,941,10.000000,946080000,1,"947:955"
967,0,7200,0,5.00,5.00,1.500000e+00,10,0,951,10.000000,946080000,1,"947:955"
968,0,7200,0,5.00,5.00,1.500000e+00,10,0,960,10.000000,946080000,1,"927:962"
969,0,7200,0,5.00,5.00,1.500000e+00,10,0,991,10.000000,946080000,1,"962:964"
970,0,7200,0,5.00,5.00,1.500000e+00,10,0,990,10.000000,946080000,1,"927:964"
971,0,7200,0,5.00,5.00,1.500000e+00,10,0,973,10.000000,946080000,1,"961"
972,0,7200,0,5.00,5.00,1.500000e+00,10,0,975,10.000000,946080000,1,"932:961"
973,0,7200,0,5.00,5.00,1.500000e+00,10,0,961,10.000000,946080000,1,"897:951:957"
974,0,7200,0,5.00,5.00,1.500000e+00,10,0,969,10.000000,946080000,1,"897:951:957"
975,0,7200,0,5.00,5.00,1.500000e+00,10,0,970,10.000000,946080000,1,"897:951:957"
976,0,7200,0,5.00,5.00,1.500000e+00,10,0,962,10.000000,946080000,1,"861:966"
977,0,7200,0,5.00,5.00,1.500000e+00,10,0,967,10.000000,946080000,1,"861:966"
978,0,7200,0,5.00,5.00,1.500000e+00,10,0,91,10.000000,946080000,1,""
979,0,7200,0,5.00,5.00,1.500000e+00,10,0,93,10.000000,946080000,1,""
980,0,7200,0,5.00,5.00,1.500000e+00,10,0,92,10.000000,946080000,1,""
981,0,7200,0,5.00,5.00,1.500000e+00,10,0,976,10.000000,946080000,1,"978"
982,0,7200,0,5.00,5.00,1.500000e+00,10,0,95,10.000000,946080000,1,"978:979"
983,0,7200,0,5.00,5.00,1.500000e+00,10,0,94,10.000000,946080000,1,"978:980"
984,0,7200,0,5.00,5.00,1.500000e+00,10,0,994,10.000000,946080000,1,"965:978"
985,0,7200,0,5.00,5.00,1.500000e+00,10,0,987,10.000000,946080000,1,"968:978"
986,0,7200,0,5.00,5.00,1.500000e+00,10,0,996,10.000000,946080000,1,"970"
987,0,7200,0,5.00,5.00,1.500000e+00,10,0,995,10.000000,946080000,1,"931:970"
988,0,7200,0,5.00,5.00,1.500000e+00,10,0,972,10.000000,946080000,1,"931"
989,0,7200,0,5.00,5.00,1.500000e+00,10,0,955,10.000000,946080000,1,""
990,0,7200,0,5.00,5.00,1.500000e+00,10,0,956,10.000000,946080000,1,""
991,0,7200,0,5.00,5.00,1.500000e+00,10,0,957,10.000000,946080000,1,""
992,0,7200,0,5.00,5.00,1.500000e+00,10,0,986,10.000000,946080000,1,"989:990"
993,0,7200,0,5.00,5.00,1.500000e+00,10,0,985,10.000000,946080000,1,"990:991"
994,0,7200,0,5.00,5.00,1.500000e+00,10,0,1002,10.000000,946080000,1,"949:991"
995,0,7200,0,5.00,5.00,1.500000e+00,10,0,1001,10.000000,946080000,1,"949:954"
996,0,7200,0,5.00,5.00,1.500000e+00,10,0,993,10.000000,946080000,1,"954:969"
997,0,7200,0,5.00,5.00,1.500000e+00,10,0,977,10.000000,946080000,1,"983"
998,0,7200,0,5.00,5.00,1.500000e+00,10,0,974,10.000000,946080000,1,"982:983"
999,0,7200,0,5.00,5.00,1.500000e+00,10,0,997,10.000000,946080000,1,"996"
1000,0,7200,0,5.00,5.00,1.500000e+00,10,0,999,10.000000,946080000,1,"984:996"
1001,0,7200,0,5.00,5.00,1.500000e+00,10,0,998,10.000000,946080000,1,"946:996"
